period,synthetic,pd,outcome
0,True,0.21523585398772158,0
0,True,0.14800079468797522,0
0,True,0.23752255979032288,0
0,True,0.2470282358195607,0
0,True,0.10244824056730818,0
0,True,0.1348910246568841,0
0,True,0.20639202015836428,0
0,True,0.1841878703828209,0
0,True,0.19915994212478558,0
0,True,0.157347803621321,0
0,True,0.24396989874314146,0
0,True,0.23888959677144744,0
0,True,0.20330153487806082,0
0,True,0.25636206034840164,1
0,True,0.22337546711260228,0
0,True,0.1570353768558381,0
0,True,0.21843753920412495,0
0,True,0.15205586995855006,0
0,True,0.24392251506536364,0
0,True,0.19750370445068738,0
0,True,0.19075688182273698,0
0,True,0.16595352277980294,1
0,True,0.2611270669337015,0
0,True,0.1922735258965599,0
0,True,0.17858360889184466,0
0,True,0.18239332247558854,1
0,True,0.22661545927766746,0
0,True,0.21827220321820393,0
0,True,0.22063663057979943,0
0,True,0.22154105015039416,0
0,True,0.30708238004352306,1
0,True,0.17967924918076922,0
0,True,0.17438786354642313,0
0,True,0.15931136358760611,0
0,True,0.2307989711287748,0
0,True,0.2564486146360446,1
0,True,0.19430262711725627,0
0,True,0.1579921761518736,0
0,True,0.15877593921543803,1
0,True,0.23252963939123505,1
0,True,0.23716270856017213,0
0,True,0.22715771341525975,0
0,True,0.16672451463556529,0
0,True,0.211608066153336,0
0,True,0.2058342904570364,0
0,True,0.21093442983645067,0
0,True,0.2435714388974095,1
0,True,0.21117977743873412,1
0,True,0.23394567815359477,1
0,True,0.2033789534744446,1
0,True,0.21445596993449922,0
0,True,0.23156441129192704,0
0,True,0.12714220900721668,0
0,True,0.18401643918213495,0
0,True,0.17648136728536024,0
0,True,0.1680561075878329,0
0,True,0.18624288743866582,0
0,True,0.2747470655617198,0
0,True,0.15670844421533786,0
0,True,0.24841391772957405,0
0,True,0.11585651141920977,0
0,True,0.18325574850071127,0
0,True,0.2081376532552503,1
0,True,0.22931111656796394,1
0,True,0.23556132898964277,0
0,True,0.23966736175999628,0
0,True,0.18256374638757814,0
0,True,0.17688241036677166,0
0,True,0.2428987940628577,1
0,True,0.19043478375591927,0
0,True,0.1362156838331039,0
0,True,0.14333563929982598,0
0,True,0.15402738569991944,0
0,True,0.2248580372026882,1
0,True,0.20712128680352826,0
0,True,0.2345242677033884,0
0,True,0.1786373676831733,0
0,True,0.20792698455383574,0
0,True,0.23127951969836685,1
0,True,0.1845326730139881,1
0,True,0.22283876187787058,0
0,True,0.16690370294666745,0
0,True,0.18184730767174642,0
0,True,0.18091310530008356,0
0,True,0.14020801772054803,1
0,True,0.2243486240392791,0
0,True,0.17652988298986383,0
0,True,0.20062470593638437,1
0,True,0.22403733294529546,0
0,True,0.2223265588014972,0
0,True,0.23326925544863933,0
0,True,0.19507572577452884,0
0,True,0.17883508439779233,0
0,True,0.19601408945468005,0
0,True,0.11563327830209852,1
0,True,0.12764437637884563,1
0,True,0.1338650193822799,0
0,True,0.15013765861992592,0
0,True,0.21998871133617184,0
0,True,0.15472604723199695,1
0,True,0.18109187229803053,0
0,True,0.2649614148893033,0
0,True,0.18218680144692873,0
0,True,0.23687577842335433,0
0,True,0.15331911599950615,0
0,True,0.18972812210661852,0
0,True,0.15249889725447094,0
0,True,0.1830483462049719,1
0,True,0.2420154068728698,1
0,True,0.11363397884038257,0
0,True,0.22172118217729286,0
0,True,0.2118867801166139,0
0,True,0.1702925022151603,0
0,True,0.12769710728057726,0
0,True,0.2036064753856935,1
0,True,0.1735253645468099,0
0,True,0.2116338105677352,1
0,True,0.20109260727617215,0
0,True,0.28008894456604577,0
0,True,0.1880322186263488,0
0,True,0.14882512536890677,0
0,True,0.20896378174781582,0
0,True,0.21099983419858828,0
0,True,0.26795937876202186,0
0,True,0.24175556229572895,1
0,True,0.21784355295747548,0
0,True,0.2731651445609781,0
0,True,0.14056184728385746,0
0,True,0.16801242336251263,0
0,True,0.15367120292972375,0
0,True,0.18050950984221162,1
0,True,0.13116569262218458,0
0,True,0.23175754734072024,0
0,True,0.18888886514506134,1
0,True,0.12645968527486712,0
0,True,0.14922104593962293,0
0,True,0.21567569237250978,0
0,True,0.24190632839471907,0
0,True,0.29983654458458936,1
0,True,0.3456931233003665,0
0,True,0.22072047166379982,0
0,True,0.1505230939984068,0
0,True,0.09339768596343455,0
0,True,0.2133855731171918,0
0,True,0.1593529452344837,0
0,True,0.17923213699101576,0
0,True,0.1693951600470096,0
0,True,0.19296045567918074,0
0,True,0.25329901153938217,0
0,True,0.20785242837226725,0
0,True,0.1920682581480656,1
0,True,0.14821731235870944,0
0,True,0.11626585276478216,1
0,True,0.17568460454633347,0
0,True,0.197310872459084,0
0,True,0.28839649567899417,0
0,True,0.2065137260736443,0
0,True,0.24913697555115288,1
0,True,0.1750352200730424,1
0,True,0.14075281167914877,1
0,True,0.1517441618883814,0
0,True,0.16373869677321234,0
0,True,0.3064234866217582,0
0,True,0.1589306660387807,0
0,True,0.24192446018681726,0
0,True,0.1548536410956487,0
0,True,0.2465786506437122,0
0,True,0.21924754830529317,1
0,True,0.19216810511709548,0
0,True,0.19796187369322832,0
0,True,0.16726061522853047,0
0,True,0.22230361007410404,0
0,True,0.17725082598296102,0
0,True,0.1387197118116376,0
0,True,0.13610312128401902,0
0,True,0.208629395886106,0
0,True,0.2789545628205218,1
0,True,0.2079995806786719,0
0,True,0.19406808369450587,0
0,True,0.21429130698012716,0
0,True,0.26530008708534125,0
0,True,0.21096912506819282,0
0,True,0.17945363845831314,0
0,True,0.2553144355029945,0
0,True,0.2214378219230807,0
0,True,0.2767877995997996,0
0,True,0.20916172186109533,0
0,True,0.138776548413975,1
0,True,0.13159204003771674,0
0,True,0.2825463966115625,0
0,True,0.2861832860391649,1
0,True,0.19102403933586998,0
0,True,0.18084063394320063,0
0,True,0.2730722146121101,1
0,True,0.1446477158978256,0
0,True,0.15526364905220869,0
0,True,0.23216633973445222,0
0,True,0.18026974385702052,0
0,True,0.19974390666399644,0
0,True,0.1918278550737744,0
0,True,0.21687872743994668,0
0,True,0.2703740930656858,0
0,True,0.2045292453450873,0
0,True,0.23219693966384292,0
0,True,0.09749139494844888,0
0,True,0.19756407990349412,1
0,True,0.15783848648535645,0
0,True,0.1390593469788186,0
0,True,0.15609238165356248,0
0,True,0.1832938279649594,0
0,True,0.24579512711780066,0
0,True,0.1336803641130218,0
0,True,0.20153157462972088,0
0,True,0.1757915283333211,1
0,True,0.18361634528190196,1
0,True,0.25013789126523023,0
0,True,0.2269057718501963,0
0,True,0.2668699053721372,0
0,True,0.19227471603750498,0
0,True,0.16520286941646486,0
0,True,0.18880705915597504,1
0,True,0.2121248395635611,0
0,True,0.20882866792268556,1
0,True,0.14578059638833168,0
0,True,0.20452448908139373,1
0,True,0.21141141650694528,0
0,True,0.32587370187669606,0
0,True,0.29384223056408354,0
0,True,0.157337832472059,1
0,True,0.1856308319225412,0
0,True,0.12682789990814985,0
0,True,0.1704646493018257,0
0,True,0.21578025017951705,1
0,True,0.2602926810444117,0
0,True,0.16354580811281957,0
0,True,0.16729267799661018,1
0,True,0.09263554851306727,0
0,True,0.19186670397275463,0
0,True,0.14687927940702186,0
0,True,0.1735280286316963,0
0,True,0.15615696109162058,0
0,True,0.19528687228737215,0
0,True,0.11211358043216844,0
0,True,0.12664773773045046,0
0,True,0.30646235560141494,0
0,True,0.13562887093629844,0
0,True,0.14516072107726802,0
0,True,0.29184567641606574,0
0,True,0.3452533584620203,0
0,True,0.14142166855873292,1
0,True,0.1815875521605985,1
0,True,0.21707777754702548,0
0,True,0.28643488222027963,0
0,True,0.15065714607858813,0
0,True,0.18773610770289453,0
0,True,0.2388668788030872,0
0,True,0.22173830372333095,0
0,True,0.18119219643849505,0
0,True,0.19330885177419796,0
0,True,0.13125520958150091,0
0,True,0.18809131280126676,0
0,True,0.18668062549955225,0
0,True,0.2116084944813128,0
0,True,0.1722336390590492,0
0,True,0.22357692612725696,0
0,True,0.2506357908909914,0
0,True,0.2077714663834233,0
0,True,0.2175878204199602,0
0,True,0.20265776737889338,0
0,True,0.20000421965457071,1
0,True,0.16392209832285765,1
0,True,0.2158247130836654,0
0,True,0.19513567007932553,0
0,True,0.3046584154465298,0
0,True,0.27866774512376213,1
0,True,0.21929232762782505,0
0,True,0.16184713951526164,1
0,True,0.14437942640082913,0
0,True,0.25955714765444327,0
0,True,0.21313746125735694,0
0,True,0.22400717016958055,0
0,True,0.11277070065129037,0
0,True,0.24637192407790906,0
0,True,0.22272101691071816,0
0,True,0.14447846577927612,0
0,True,0.17642375962750256,0
0,True,0.21318586021782598,0
0,True,0.2026233399178122,0
0,True,0.18539144070982227,0
0,True,0.19482558659670196,0
0,True,0.18740113108965575,1
0,True,0.20762812560512345,0
0,True,0.2735745986496579,0
0,True,0.07166707795343513,0
0,True,0.1881574867745158,0
0,True,0.20882562106862235,0
0,True,0.21479969948435498,0
0,True,0.18140427093393552,0
0,True,0.11216391087607087,1
0,True,0.2163997741857055,1
0,True,0.28636751070820926,1
0,True,0.12330692975419312,0
0,True,0.24319140068490944,0
0,True,0.1835737388438553,1
0,True,0.19693378270855766,0
0,True,0.14735507446480256,0
0,True,0.1832771913822062,0
0,True,0.2650022297349479,0
0,True,0.22913276209938538,0
0,True,0.2866155802704972,1
0,True,0.2588705944488847,0
0,True,0.22195433394647882,0
0,True,0.2871967263083896,0
0,True,0.22194965793691496,0
0,True,0.24139940883985295,0
0,True,0.1851714523232646,0
0,True,0.20332729079296025,1
0,True,0.16512880883498615,0
0,True,0.24947919672974267,0
0,True,0.14108481884425672,1
0,True,0.23911751712088308,0
0,True,0.19046744712474203,0
0,True,0.25856235467336597,0
0,True,0.237543449436563,0
0,True,0.2910323078823401,0
0,True,0.23653873455693225,0
0,True,0.12139798721733797,0
0,True,0.19665234135508997,0
0,True,0.1413996403702592,0
0,True,0.17408600788168627,0
0,True,0.2755614216638361,0
0,True,0.2318766905448848,0
0,True,0.1650534785710627,0
0,True,0.14931413167798008,0
0,True,0.20163910464381304,0
0,True,0.13917199253094362,0
0,True,0.16644298613017094,1
0,True,0.2156004735775622,0
0,True,0.2577656018053348,1
0,True,0.230438073611222,1
0,True,0.08543552457009501,0
0,True,0.215218336451513,0
0,True,0.2036016786616289,1
0,True,0.22069451426863468,0
0,True,0.2808104840825604,0
0,True,0.09683808615976286,0
0,True,0.17044482874044473,0
0,True,0.22954531613966775,0
0,True,0.12092028002730289,1
0,True,0.27379745240267545,1
0,True,0.21841783063503292,0
0,True,0.24232919929217023,0
0,True,0.1714528169239103,0
0,True,0.24068818449831053,1
0,True,0.2534235777994519,0
0,True,0.21164390100685843,1
0,True,0.21172004463493482,1
0,True,0.2135171619640863,0
0,True,0.15683273676303092,0
0,True,0.19262356598798236,1
0,True,0.19237387337738207,0
0,True,0.21916969321767477,0
0,True,0.24999121234551475,1
0,True,0.14707319590107953,0
0,True,0.19374954848402112,0
0,True,0.27407277738294866,0
0,True,0.16282058855937181,0
0,True,0.158887499135484,1
0,True,0.2101153095915597,0
0,True,0.242219259524266,0
0,True,0.20057130277803298,0
0,True,0.2664480295218495,1
0,True,0.24283969912832637,0
0,True,0.24209100334450312,1
0,True,0.22770582506620468,0
0,True,0.3163826550173043,1
0,True,0.1897419155566978,1
0,True,0.0998238853966743,0
0,True,0.28021271807585707,1
0,True,0.17711502845215873,0
0,True,0.20539402221715167,1
0,True,0.26547753424302634,0
0,True,0.11988702294705374,0
0,True,0.13741763929469303,1
0,True,0.11993610314405732,1
0,True,0.1602931854987288,0
0,True,0.2219818303008497,0
0,True,0.22620939214063857,0
0,True,0.2138137089664277,0
0,True,0.1293617058053817,0
0,True,0.0844948281683678,0
0,True,0.2027176792695191,0
0,True,0.17641119831808322,0
0,True,0.2229692885858306,1
0,True,0.2350976813110635,0
0,True,0.2069120716029341,1
0,True,0.2380066542687927,0
0,True,0.21146056870575344,0
0,True,0.22650323528007335,0
0,True,0.16476633685650588,0
0,True,0.19101942930842708,1
0,True,0.20983880483284786,0
0,True,0.24102642377087097,0
0,True,0.1803129413887714,1
0,True,0.22605836278660565,1
0,True,0.18670806040423105,0
0,True,0.1941228916335935,0
0,True,0.24147595210120365,0
0,True,0.1003469814472922,0
0,True,0.13517638359626194,0
0,True,0.12589073012785895,0
0,True,0.08331919400758477,0
0,True,0.16608677799224117,0
0,True,0.23747169498638704,0
0,True,0.18575579668087128,0
0,True,0.20988950409709262,1
0,True,0.25446087483553964,0
0,True,0.2663843066133846,1
0,True,0.19654310326369304,1
0,True,0.2676792944784699,0
0,True,0.20460633292170546,0
0,True,0.1581300888086269,0
0,True,0.17027998239006326,0
0,True,0.1259731743717492,1
0,True,0.15559330731331739,0
0,True,0.18209916559627856,0
0,True,0.24017925096893009,0
0,True,0.2860384915582992,0
0,True,0.130890924231148,0
0,True,0.21964137341299594,0
0,True,0.1479728030421233,0
0,True,0.2237348544231601,0
0,True,0.19344566746561367,0
0,True,0.10845470870762348,0
0,True,0.24641484957842424,0
0,True,0.16974996435956347,1
0,True,0.17330498808132228,0
0,True,0.1465123794355155,0
0,True,0.16728583616562223,0
0,True,0.22139452203474588,0
0,True,0.19053778295317975,0
0,True,0.21643310011412406,0
0,True,0.2180960926964422,1
0,True,0.26603308277640836,0
0,True,0.18286069245678105,0
0,True,0.12615710915771342,0
0,True,0.2533611208285992,0
0,True,0.18342559139513728,0
0,True,0.25572962222886886,0
0,True,0.21916885565912353,0
0,True,0.19344312348983275,0
0,True,0.21743879470231475,1
0,True,0.297550628006315,0
0,True,0.3038490264526877,1
0,True,0.20346905675663896,0
0,True,0.2080095296658538,0
0,True,0.2538120078733193,1
0,True,0.15771694836163264,0
0,True,0.21665351863091276,0
0,True,0.1987068576023072,0
0,True,0.2156954105728777,0
0,True,0.1583315597025297,1
0,True,0.12052162533455156,0
0,True,0.09635082820043542,0
0,True,0.14413079435051962,0
0,True,0.17706623575303337,0
0,True,0.18534042066756193,1
0,True,0.29686155812147585,0
0,True,0.2552996684953649,0
0,True,0.15189544418291864,0
0,True,0.21738542262254787,0
0,True,0.17964608818248376,0
0,True,0.18578180809799524,0
0,True,0.20926628247076912,0
0,True,0.23095855584876968,0
0,True,0.18303707580579925,0
0,True,0.25319257663671796,0
0,True,0.14290308869287982,0
0,True,0.20031695311811343,0
0,True,0.3298836863297916,1
0,True,0.21115398713126377,0
0,True,0.27166072533030866,0
0,True,0.20457600890866043,1
0,True,0.22903885476648986,0
0,True,0.19716084028036543,0
0,True,0.1914796209417898,0
0,True,0.16102588016372904,0
0,True,0.22151506794787768,1
0,True,0.1574231405407116,0
0,True,0.23327926181567146,0
0,True,0.25426435022229554,0
0,True,0.2183265703618615,0
0,True,0.18568756332221542,0
0,True,0.22269827896543481,0
0,True,0.1845663472226794,0
0,True,0.24677735627325748,0
0,True,0.10842969578924383,0
0,True,0.1832196315940677,0
0,True,0.10045940024380012,0
0,True,0.12524695848863976,0
0,True,0.26819311149069547,0
0,True,0.24475924909858432,1
0,True,0.1640259883357605,0
0,True,0.12487482719795516,0
0,True,0.05177355810791745,0
0,True,0.17282522460336827,0
0,True,0.3210207506123701,0
0,True,0.22174421357318239,0
0,True,0.17202138569752554,0
0,True,0.22325401047501534,0
0,True,0.12195208235027787,0
0,True,0.18513383186511823,0
0,True,0.20497387365078693,0
0,True,0.1956949674089476,0
0,True,0.23954030608450405,0
0,True,0.21723226131180262,0
0,True,0.23341630090539986,0
0,True,0.16558138588846205,0
0,True,0.24489077042052743,0
0,True,0.28144684738119957,0
0,True,0.15149252401742938,0
0,True,0.15561521721427202,1
0,True,0.26678921681601164,0
0,True,0.19043280066524698,0
0,True,0.27019106960332784,1
0,True,0.1778732144053908,1
0,True,0.2727522788135356,0
0,True,0.20657429084027262,1
0,True,0.21291144116613478,1
0,True,0.2782359010834952,1
0,True,0.18191147612779146,0
0,True,0.1529438952037521,0
0,True,0.1775717895985823,0
0,True,0.22261669753215696,0
0,True,0.12171204639097429,0
0,True,0.2318735451325561,0
0,True,0.17306143411911284,0
0,True,0.2573906330366782,0
0,True,0.08028698475497642,0
0,True,0.16067171124479157,0
0,True,0.11567659243829491,0
0,True,0.1586885266818024,0
0,True,0.21238329505544717,1
0,True,0.19103866872751227,1
0,True,0.18733112155259926,1
0,True,0.19204075643099697,1
0,True,0.21016941203099718,0
0,True,0.14957319790284462,0
0,True,0.23534248204495256,0
0,True,0.23313329851927422,0
0,True,0.21925189688280505,1
0,True,0.22782667213756316,0
0,True,0.21482090004043297,0
0,True,0.3017536651365534,0
0,True,0.19564529144737453,0
0,True,0.18464583908327117,0
0,True,0.1623236209821311,0
0,True,0.14838686647110816,1
0,True,0.13777641061994625,0
0,True,0.1555601343384541,0
0,True,0.19646598091739645,0
0,True,0.21671475642488575,0
0,True,0.2025571029276081,0
0,True,0.16172323612851436,0
0,True,0.24500922820099819,0
0,True,0.2369706336150474,1
0,True,0.19201758462889917,0
0,True,0.16735419276676441,0
0,True,0.22742139604148998,1
0,True,0.20939867937430523,0
0,True,0.12759363702924764,0
0,True,0.19660098720077976,1
0,True,0.21310179060371906,0
0,True,0.15501526067561233,0
0,True,0.20949216964187217,0
0,True,0.12725887573711053,0
0,True,0.26680930500060857,1
0,True,0.2623974992529716,1
0,True,0.18737413328485178,0
0,True,0.21817271689195367,1
0,True,0.07950390171000626,0
0,True,0.14218261698673337,0
0,True,0.18531105399239353,0
0,True,0.14639334892865705,1
0,True,0.23571982413153295,0
0,True,0.2998648265373997,0
0,True,0.1411692640285349,0
0,True,0.1581268297957404,0
0,True,0.21177241841549652,0
0,True,0.28055580742498104,0
0,True,0.13888128437300484,0
0,True,0.2124518061153471,0
0,True,0.29106494254065546,0
0,True,0.11741204259103664,0
0,True,0.13594653965770842,0
0,True,0.1788196696769581,0
0,True,0.17397057935722945,1
0,True,0.24063006438768225,0
0,True,0.21208298599104192,0
0,True,0.11125189701789359,1
0,True,0.22577052014504057,0
0,True,0.17112305563221747,0
0,True,0.26372236084706197,1
0,True,0.16862062317815402,0
0,True,0.16816923584488822,0
0,True,0.2270565805402266,0
0,True,0.23814632411684683,0
0,True,0.2224049681968102,0
0,True,0.1157201341307596,0
0,True,0.22690172199641256,0
0,True,0.14828459741628006,0
0,True,0.21176380557941318,0
0,True,0.128813278230047,0
0,True,0.22231610737715318,1
0,True,0.15967005478463137,0
0,True,0.13586826748697392,0
0,True,0.23569100682411998,0
0,True,0.2120822260838376,0
0,True,0.16930115993035516,0
0,True,0.2725589424510532,1
0,True,0.17796737892151288,0
0,True,0.20160538369854675,0
0,True,0.21344567238393006,1
0,True,0.16901670329356933,0
0,True,0.2235568146699965,0
0,True,0.17332738264176378,0
0,True,0.17941808388918956,0
0,True,0.26813213199016706,1
0,True,0.14797069737437835,0
0,True,0.07936098345352549,0
0,True,0.28054684975059474,1
0,True,0.3274663976303501,1
0,True,0.17973653672753342,0
0,True,0.10315809796899074,0
0,True,0.18447580119020282,1
0,True,0.18568885250796655,0
0,True,0.19050380794888716,0
0,True,0.1443305979039076,0
0,True,0.22897805712382388,0
0,True,0.22622536876430432,1
0,True,0.12527971900903467,1
0,True,0.2349598365847444,0
0,True,0.3026342490972946,0
0,True,0.208598016621853,1
0,True,0.18313374189657472,0
0,True,0.19289983927962395,0
0,True,0.2307628383484281,1
0,True,0.1134664197246391,0
0,True,0.20821953514886513,0
0,True,0.1804768025268595,0
0,True,0.2923912506478023,0
0,True,0.1912913633097521,0
0,True,0.283394380555976,0
0,True,0.14481296511089964,0
0,True,0.22936295834013962,0
0,True,0.21597001318956144,1
0,True,0.15654763760676088,1
0,True,0.20886980573184705,0
0,True,0.26062594184158006,0
0,True,0.18381041478566998,0
0,True,0.11540186754151184,0
0,True,0.19912185867612772,0
0,True,0.15487884526037438,0
0,True,0.18288295306680588,1
0,True,0.19592061151574397,0
0,True,0.11471738919922414,1
0,True,0.11921708303396611,1
0,True,0.22410334177627628,0
0,True,0.17386406519151598,0
0,True,0.07176278290897165,0
0,True,0.23924220183040676,1
0,True,0.213618487763712,0
0,True,0.1643062587981758,0
0,True,0.13415848944708791,1
0,True,0.24179039481571687,0
0,True,0.2174675311280215,1
0,True,0.31913011413420367,0
0,True,0.2210094299362469,1
0,True,0.21938515706310074,1
0,True,0.19165360349457175,0
0,True,0.24083879336003955,1
0,True,0.2312542600624077,0
0,True,0.2625862504282598,0
0,True,0.17393385406813577,0
0,True,0.1782296263528019,1
0,True,0.176044841454401,0
0,True,0.23954008605894947,0
0,True,0.27491872201483664,0
0,True,0.17705797534253498,0
0,True,0.17876131361034545,0
0,True,0.21570386119348997,0
0,True,0.18771192499935493,0
0,True,0.2476026826569945,1
0,True,0.08741113546904766,0
0,True,0.15866474765415528,0
0,True,0.16087918330192771,1
0,True,0.08398219938069276,0
0,True,0.1518180777815598,0
0,True,0.1542421942077037,0
0,True,0.18994476727405848,1
0,True,0.2556482945830132,1
0,True,0.1877469674404649,1
0,True,0.14845931398644233,0
0,True,0.19715227293932355,0
0,True,0.2524586810720675,1
0,True,0.15120205919425478,0
0,True,0.15447125580392757,0
0,True,0.22792744796371117,0
0,True,0.18892319421346,1
0,True,0.23237423453547373,0
0,True,0.1993176604102352,0
0,True,0.23508318240447837,0
0,True,0.14824609429796798,0
0,True,0.19939576746058663,0
0,True,0.18946549928184217,0
0,True,0.1392054537947935,0
0,True,0.12182610260656558,0
0,True,0.2342874517637331,1
0,True,0.1824523808891011,0
0,True,0.14888598591763352,0
0,True,0.1951910531538334,0
0,True,0.2564009428674652,0
0,True,0.08596310773140386,1
0,True,0.12516806550483367,1
0,True,0.15385567790523663,1
0,True,0.27305894333601644,0
0,True,0.21412934914596485,0
0,True,0.23836586202306137,0
0,True,0.14299195404368847,0
0,True,0.1440232062364737,0
0,True,0.22239068583613553,0
0,True,0.20291371654677234,1
0,True,0.22743694094320635,0
0,True,0.1906164504535774,0
0,True,0.21390718632273137,1
0,True,0.20790595424525546,0
0,True,0.2388883694542463,1
0,True,0.24035041409722355,0
0,True,0.11900640028041151,1
0,True,0.08763657223295723,0
0,True,0.25008726988257535,0
0,True,0.25938625466309684,0
0,True,0.14896884902433313,0
0,True,0.10700822967271857,0
0,True,0.20495174105036007,0
0,True,0.24654191131752648,0
0,True,0.28987972612171575,1
0,True,0.22581487860507257,0
0,True,0.18141416517071526,0
0,True,0.15534346892075687,0
0,True,0.20057256458353273,1
0,True,0.1850367648057372,0
0,True,0.14924660471355922,0
0,True,0.30243778254316434,1
0,True,0.2892584201036066,0
0,True,0.25680243417777143,1
0,True,0.15395748010954363,0
0,True,0.24275096621486394,0
0,True,0.23198132047489511,0
0,True,0.22212728121020267,1
0,True,0.26248326335218886,0
0,True,0.23176855714306388,0
0,True,0.23700071181521679,0
0,True,0.2318453141686105,0
0,True,0.2170395704001053,0
0,True,0.11081944351429084,0
0,True,0.20418105387052787,0
0,True,0.17219040205754374,0
0,True,0.136007952117999,0
0,True,0.28409083096504123,0
0,True,0.2864497670442852,0
0,True,0.2679610300147806,0
0,True,0.21276067084279374,0
0,True,0.26753125604763284,0
0,True,0.20060265903009128,0
0,True,0.21013986384488897,0
0,True,0.14532643147690086,0
0,True,0.219849565224942,0
0,True,0.20301929642122088,0
0,True,0.13486739415827678,0
0,True,0.19744014440917015,0
0,True,0.19601352180715959,0
0,True,0.289878058332232,0
0,True,0.2447106664256705,0
0,True,0.2005722719545733,0
0,True,0.21243936549005416,1
0,True,0.20221061890520992,0
0,True,0.18985430076022264,0
0,True,0.14587864013058566,0
0,True,0.19244740611965355,0
0,True,0.16269508716737435,0
0,True,0.13748422305384267,0
0,True,0.22556109072737673,0
0,True,0.21956323299666175,1
0,True,0.11066462443159611,0
0,True,0.19386576812524364,0
0,True,0.2497850692949962,1
0,True,0.25296118694481606,0
0,True,0.2512918421442619,0
0,True,0.201945660345073,0
0,True,0.15774773360154246,0
0,True,0.14581505863209698,0
0,True,0.21723024523751788,0
0,True,0.21896400171825817,0
0,True,0.2643665555802533,0
0,True,0.2549989825171042,0
0,True,0.1933885671734414,0
0,True,0.13778970605695653,0
0,True,0.1840446701494551,1
0,True,0.21086155974052626,0
0,True,0.18989583773052982,0
0,True,0.17110529459611723,0
0,True,0.21264424074849494,0
0,True,0.17480211292946948,0
0,True,0.16859669581373132,0
0,True,0.215572641715172,0
0,True,0.17990037099353978,1
0,True,0.21220521944891763,0
0,True,0.21366020114260614,0
0,True,0.14302854994542127,0
0,True,0.1759379438067294,1
0,True,0.27188884699582316,0
0,True,0.14189602436328566,0
0,True,0.09416727755147346,0
0,True,0.10690774233787442,0
0,True,0.20145549732883347,0
0,True,0.20154586390163495,1
0,True,0.19411945722874396,1
0,True,0.2607094914464251,0
0,True,0.06635827834485311,0
0,True,0.2197966937215412,1
0,True,0.2780719100901787,1
0,True,0.14361096175541432,0
0,True,0.18100967441050525,0
0,True,0.16235540413856897,0
0,True,0.15528269769612357,0
0,True,0.183686899748848,0
0,True,0.2713742641842253,1
0,True,0.291869333774376,1
0,True,0.18320303874799262,1
0,True,0.2952530107032235,1
0,True,0.20177882384923126,0
0,True,0.28768455133505405,0
0,True,0.19533506751732543,0
0,True,0.20655289130230722,0
0,True,0.21827372363214173,0
0,True,0.3589426839683768,0
0,True,0.24256427874223946,0
0,True,0.16463677350242684,0
0,True,0.2484498935137929,0
0,True,0.18190837314578293,0
0,True,0.17551249085493956,0
0,True,0.24543006799460557,0
0,True,0.20155427938855766,1
0,True,0.21392879572559031,0
0,True,0.20069926109326464,0
0,True,0.21682915633027175,0
0,True,0.22124829487180747,0
0,True,0.10315165336472924,0
0,True,0.2333286334304767,0
0,True,0.15089902900848498,0
0,True,0.12788504322202943,0
0,True,0.19707943780706588,0
0,True,0.20419905016572273,0
0,True,0.16532469177138598,0
0,True,0.24155159288339872,0
0,True,0.13289124168145466,0
0,True,0.17965281256137206,1
0,True,0.17075629325334998,0
0,True,0.19767063648303304,0
0,True,0.21394321423236196,0
0,True,0.1496053525188228,0
0,True,0.23621413387281143,0
0,True,0.203150118416735,1
0,True,0.10540268733440449,0
0,True,0.10207042798014845,0
0,True,0.19938403535353444,0
0,True,0.1889516341106823,1
0,True,0.19482899432126832,0
0,True,0.19860087717348912,0
0,True,0.21127799197550906,0
0,True,0.247382480492415,0
0,True,0.1444447549541221,0
0,True,0.14140142035496028,0
0,True,0.14533380710563087,1
0,True,0.21444583335843537,0
0,True,0.2622473689323223,0
0,True,0.17843302808802447,0
0,True,0.07491500779201729,0
0,True,0.11480035686948123,0
0,True,0.15834816386019943,0
0,True,0.17211355562523928,0
0,True,0.17958056863726368,0
0,True,0.20192905614904585,0
0,True,0.18441268345887765,0
0,True,0.25246698052717037,0
0,True,0.16619913471593156,0
0,True,0.15688410202622285,0
0,True,0.2239437769260231,1
0,True,0.12321789650369404,0
0,True,0.21948458526600012,0
0,True,0.20512765918631334,0
0,True,0.19262787550409163,0
0,True,0.27941380535746313,0
0,True,0.16888962773526411,0
0,True,0.30301490852620394,0
0,True,0.18872842753859503,0
0,True,0.1361491777514886,0
0,True,0.2034959790497413,0
0,True,0.1461877399840616,0
0,True,0.162412207609325,1
0,True,0.21985166500077458,0
0,True,0.22777910443250626,1
0,True,0.1688916149872871,0
0,True,0.24937025725232004,1
0,True,0.2578753879010567,1
0,True,0.27181508782816455,0
0,True,0.22647067035628612,0
0,True,0.26817143560428497,1
0,True,0.10596007860129712,1
0,True,0.18410467256857688,1
0,True,0.15664973718382869,0
0,True,0.20596129305636962,0
0,True,0.17142753904016314,1
0,True,0.1916921079025134,0
0,True,0.2941087440102025,0
0,True,0.1915140101789811,0
0,True,0.22068961585951072,0
0,True,0.18838653350378826,0
0,True,0.20378566439784168,0
0,True,0.2003008340218036,0
0,True,0.222416203298658,0
0,True,0.25826537677735883,1
0,True,0.28236969988016647,0
0,True,0.21548100409545834,0
0,True,0.22947734430178013,0
0,True,0.14245677454072167,1
0,True,0.19560616287921898,0
0,True,0.24701447324417947,0
0,True,0.24329843192085768,0
0,True,0.2105804866397525,0
0,True,0.24431969797839764,0
0,True,0.22453833544969096,1
0,True,0.2600153129129661,0
0,True,0.21446795784785558,0
0,True,0.18221508422144828,1
0,True,0.2167920628466512,0
0,True,0.05347028120736122,0
0,True,0.2191442868192525,0
0,True,0.01757935873926081,0
0,True,0.1138268296297291,1
0,True,0.22258843004704923,0
0,True,0.22387646686333978,0
0,True,0.1418785609930035,1
0,True,0.16439489790605308,0
0,True,0.2685270494307066,0
0,True,0.1757984934213662,0
0,True,0.31214601562014926,0
0,True,0.19990400734118272,0
0,True,0.22040180884406335,0
0,True,0.2808437199249304,1
0,True,0.206551355809671,0
0,True,0.14988280096545994,0
0,True,0.1945136274152855,1
0,True,0.19821946319049547,0
0,True,0.13176291738992174,0
0,True,0.18720839643295883,0
0,True,0.16289039530012817,1
0,True,0.2462178878593717,0
0,True,0.2017305937092628,0
0,True,0.1858602125426215,1
0,True,0.1946909034688712,0
0,True,0.21115610092030832,0
0,True,0.230840709984489,0
0,True,0.15001438856653093,0
0,True,0.1479206183689364,0
0,True,0.2552339607701265,0
0,True,0.1793831563897635,0
0,True,0.12915789537015632,0
0,True,0.22219063546915524,0
0,True,0.22316849030163435,0
0,True,0.12346423713716469,0
0,True,0.21147408577318033,0
0,True,0.23677915462141869,0
0,True,0.21871932258531315,0
0,True,0.23159907418806977,0
0,True,0.12978654509546256,0
0,True,0.2165520077498098,0
0,True,0.18486901202647768,0
0,True,0.17586049206376778,0
0,True,0.24352778047098633,0
0,True,0.2739637255337115,1
0,True,0.289718502730018,0
0,True,0.2657403935752953,0
0,True,0.19451329091849082,0
0,True,0.21763600815131717,0
0,True,0.2383411435892122,0
0,True,0.2060588974649731,0
0,True,0.20653820939557724,0
0,True,0.2411876565938091,0
1,True,0.24953625130444482,0
1,True,0.25726616309835304,0
1,True,0.24158302221182587,1
1,True,0.2782585246364333,0
1,True,0.23439338185403638,0
1,True,0.24960054686828784,0
1,True,0.24519187128187814,0
1,True,0.2254229990290896,0
1,True,0.20345890859351765,0
1,True,0.34070763078959554,0
1,True,0.20740245100732457,1
1,True,0.19670611444397818,1
1,True,0.25170049117250537,0
1,True,0.24259272076475027,1
1,True,0.15976042261948364,1
1,True,0.28613391272818695,0
1,True,0.22529027123245834,0
1,True,0.17445344523921397,0
1,True,0.2894392057176937,0
1,True,0.2612837785798077,0
1,True,0.16677290040260428,0
1,True,0.31885914201288623,0
1,True,0.26293986841830963,1
1,True,0.2294901942187477,0
1,True,0.309510940281089,0
1,True,0.23796488919148204,0
1,True,0.22859584624479842,0
1,True,0.19698499419890056,0
1,True,0.25909252196535393,1
1,True,0.253830148366199,1
1,True,0.23073400699448557,1
1,True,0.19050068230661987,1
1,True,0.2364964927083037,1
1,True,0.2265100607118931,0
1,True,0.16332628406328997,0
1,True,0.1564093824337907,0
1,True,0.25825766894048846,0
1,True,0.09990558424741555,0
1,True,0.240270526348063,0
1,True,0.20609584711230877,1
1,True,0.2954123303439955,0
1,True,0.20532658954230623,1
1,True,0.2629742107125948,1
1,True,0.21015430793811044,0
1,True,0.23568740767430718,0
1,True,0.2668418265460026,0
1,True,0.206872214183771,0
1,True,0.2798277442249202,0
1,True,0.18031510614467586,1
1,True,0.24472964212791898,0
1,True,0.27613198613939266,0
1,True,0.26300187458951674,0
1,True,0.3258222438367705,0
1,True,0.19182803413446697,0
1,True,0.16104253743257063,0
1,True,0.18028324457524403,0
1,True,0.2630221283274219,0
1,True,0.25489614671346894,0
1,True,0.2351128329823708,0
1,True,0.1738521475446435,0
1,True,0.26834336466645303,0
1,True,0.168764761117473,0
1,True,0.287947479118845,0
1,True,0.3728719211569933,0
1,True,0.24832255732857753,0
1,True,0.2591554067828872,0
1,True,0.20535701155522204,0
1,True,0.13948933394565918,0
1,True,0.1998640318484889,1
1,True,0.17535523794506253,0
1,True,0.15764977117924922,1
1,True,0.3161179970997825,0
1,True,0.24364312590128867,0
1,True,0.2489843790306992,0
1,True,0.21454888174018755,0
1,True,0.22135644587782818,1
1,True,0.27822753411196666,0
1,True,0.22838314406523924,1
1,True,0.25653469690123665,0
1,True,0.2201997851077492,0
1,True,0.21289235546339766,0
1,True,0.15965429171990692,1
1,True,0.1311125468816436,0
1,True,0.21692190494667993,1
1,True,0.23282483459966163,0
1,True,0.16569349816456047,0
1,True,0.22827625674826837,0
1,True,0.23268762814952512,1
1,True,0.12219959969703105,0
1,True,0.18424376702602496,0
1,True,0.2503631946867734,0
1,True,0.2493529364697872,0
1,True,0.17231625418001198,0
1,True,0.23792240252498675,0
1,True,0.28112036126802364,0
1,True,0.2688536479495449,0
1,True,0.22523571064930328,0
1,True,0.20660118433378538,1
1,True,0.19853277578327477,0
1,True,0.25339098914548286,1
1,True,0.2397551986571444,1
1,True,0.26147020030511003,0
1,True,0.23659369065605762,0
1,True,0.27093819751737214,0
1,True,0.23472962664788502,0
1,True,0.26923443580658435,0
1,True,0.27354113851833195,0
1,True,0.18977366848875932,0
1,True,0.1395927976564627,0
1,True,0.3071746428007277,1
1,True,0.2428329365356131,0
1,True,0.14427570522519392,0
1,True,0.19430902513906445,1
1,True,0.26859371461849146,0
1,True,0.21601615844335537,0
1,True,0.20439692903404366,1
1,True,0.3000440930156483,0
1,True,0.17763564268080947,0
1,True,0.19009233211225832,0
1,True,0.24056932375241338,1
1,True,0.24952274660269413,0
1,True,0.25481715171703656,0
1,True,0.27556190222844734,0
1,True,0.23992893103407587,0
1,True,0.2544691969469205,0
1,True,0.21703953703424586,0
1,True,0.2331349151618357,1
1,True,0.23537670900268173,0
1,True,0.24075490679095182,0
1,True,0.26862699037913806,0
1,True,0.2577572840972416,0
1,True,0.23221085014500917,0
1,True,0.18954370075294802,0
1,True,0.2333835629031355,0
1,True,0.2285991107552128,0
1,True,0.23965907899065994,0
1,True,0.34032626535702015,0
1,True,0.20381136107293824,0
1,True,0.251114450956268,1
1,True,0.28342310336221493,1
1,True,0.23490009570496914,1
1,True,0.3468922559586083,1
1,True,0.21109803541342617,0
1,True,0.24620446111600236,1
1,True,0.1900597127553509,0
1,True,0.21242376324283535,0
1,True,0.24244669551983292,0
1,True,0.2723152031153865,0
1,True,0.24595474170117873,0
1,True,0.29295574246673683,0
1,True,0.22525173447036642,0
1,True,0.21339157350804974,1
1,True,0.36519925536396936,0
1,True,0.24971188247210155,0
1,True,0.19402592270107263,0
1,True,0.19528681188759656,0
1,True,0.18286600427343297,0
1,True,0.2768284677928394,0
1,True,0.2117811353553379,0
1,True,0.2363681237828243,0
1,True,0.2268245662780866,1
1,True,0.2665746203970467,1
1,True,0.187662795355799,0
1,True,0.17622138569284923,0
1,True,0.2412148653590797,1
1,True,0.2600479642349949,0
1,True,0.24662661565488206,0
1,True,0.18952731354513364,0
1,True,0.2638742421045697,0
1,True,0.1928069536452183,0
1,True,0.20392306776068084,0
1,True,0.1828023237638999,0
1,True,0.29505791743260157,0
1,True,0.2616710770513675,0
1,True,0.2602496687839437,0
1,True,0.29236057105712254,1
1,True,0.37063246241193615,0
1,True,0.14453869480449222,0
1,True,0.1930811709561446,0
1,True,0.1991912457912738,1
1,True,0.18745901888086536,0
1,True,0.17612083761981437,1
1,True,0.21501734679723172,0
1,True,0.16916981423552976,0
1,True,0.24675211837687067,0
1,True,0.23258491607143075,0
1,True,0.2540514332381828,1
1,True,0.25538642258191263,1
1,True,0.26015034267133386,0
1,True,0.2113295531588059,1
1,True,0.33605717013168335,0
1,True,0.2417215558241049,0
1,True,0.13687576236876026,0
1,True,0.17988121271168914,0
1,True,0.14297485054860923,0
1,True,0.23086673145756537,0
1,True,0.22390973879733334,0
1,True,0.20657871510502712,0
1,True,0.33054630562002574,0
1,True,0.25744914370384553,0
1,True,0.2663049180723167,0
1,True,0.18344632560289484,0
1,True,0.1800427554334494,0
1,True,0.23184027495484774,0
1,True,0.2386503569826113,0
1,True,0.13718442164427716,0
1,True,0.2209846488575233,0
1,True,0.23070360414367524,1
1,True,0.21924254171144356,0
1,True,0.18933047938266617,1
1,True,0.203023240903943,0
1,True,0.22115704032136022,0
1,True,0.2345400011805024,0
1,True,0.26023957912752843,0
1,True,0.2840428102475436,1
1,True,0.21528261382363753,0
1,True,0.20719219019423213,0
1,True,0.25188278367671535,0
1,True,0.26054224582054275,0
1,True,0.20828997833705573,0
1,True,0.2695196738483086,0
1,True,0.2789792670577987,0
1,True,0.29458432328293366,0
1,True,0.31891604533599116,0
1,True,0.18667919306702807,0
1,True,0.23069491046662557,0
1,True,0.230563884830933,0
1,True,0.22509632157337464,0
1,True,0.1975368540194932,0
1,True,0.15572189983844642,0
1,True,0.2346339723014502,0
1,True,0.1915822170226044,0
1,True,0.23429967403738125,0
1,True,0.19029782291505734,0
1,True,0.17501708270778293,1
1,True,0.2417149180188449,0
1,True,0.23754607634032482,0
1,True,0.25896409856604663,0
1,True,0.3392931883208813,0
1,True,0.24386447656054236,1
1,True,0.2542540883532065,0
1,True,0.17612193355663375,0
1,True,0.16565462797318128,1
1,True,0.30914147233866673,1
1,True,0.18382601100333482,0
1,True,0.1778027964265679,0
1,True,0.22804505393917235,0
1,True,0.22549037933113059,0
1,True,0.18487467467783542,0
1,True,0.21475133906434501,1
1,True,0.29146878588250524,1
1,True,0.18970031955841013,0
1,True,0.16031637578169144,0
1,True,0.27712968104498964,0
1,True,0.25461484559690184,0
1,True,0.19897406896756692,0
1,True,0.1508916491936541,0
1,True,0.19276883217807184,0
1,True,0.22726477815753646,0
1,True,0.288283604494191,0
1,True,0.17817090125651716,0
1,True,0.22577400592442634,0
1,True,0.2637572329947449,1
1,True,0.11093663299390397,0
1,True,0.281689308396945,1
1,True,0.17087747138967813,0
1,True,0.24659977467284674,1
1,True,0.24233415748053722,0
1,True,0.28422931957319225,0
1,True,0.257546219044677,1
1,True,0.11113547541350095,0
1,True,0.19076103764220043,0
1,True,0.236910256467664,0
1,True,0.22025100569401065,0
1,True,0.25388053648783854,0
1,True,0.2694683277834853,0
1,True,0.26042258682148395,1
1,True,0.21928625287227674,0
1,True,0.13768314944397597,0
1,True,0.20722593755725915,0
1,True,0.2508184074069478,1
1,True,0.17547763737247613,0
1,True,0.26156373650607884,0
1,True,0.2754196648633652,0
1,True,0.23634334881479213,0
1,True,0.0768110066843802,0
1,True,0.16609558186440984,0
1,True,0.3243094579278041,1
1,True,0.2026731103485811,0
1,True,0.1307928388435502,0
1,True,0.29176236941551364,0
1,True,0.23066777957718365,0
1,True,0.2852470244478863,0
1,True,0.24384793376096828,0
1,True,0.2529279568106084,0
1,True,0.24815046238572583,0
1,True,0.26487441559605,0
1,True,0.34387152242780494,1
1,True,0.2785503167979594,0
1,True,0.15098303410772326,0
1,True,0.2523330757639452,0
1,True,0.2870740384051609,0
1,True,0.2901350403268073,0
1,True,0.20866975084704503,0
1,True,0.2882472222594064,0
1,True,0.27638711997756027,0
1,True,0.3586258718484865,1
1,True,0.19249991318757442,0
1,True,0.20462997117997875,0
1,True,0.2146940475770023,1
1,True,0.20548889249806124,0
1,True,0.18549896251181985,1
1,True,0.09186622471631284,0
1,True,0.2082650263138433,0
1,True,0.24846790298499524,0
1,True,0.20533890772470448,0
1,True,0.3267690591764555,1
1,True,0.23066879063579315,0
1,True,0.2945514527592068,1
1,True,0.24307102063649844,0
1,True,0.27132036549466293,1
1,True,0.24396207769667813,1
1,True,0.29843923159517816,0
1,True,0.23279696750662005,0
1,True,0.2548060354044393,0
1,True,0.2483166466825022,0
1,True,0.21558572709363408,1
1,True,0.25024911594623384,0
1,True,0.3417193123098841,0
1,True,0.2164801528952279,0
1,True,0.2509732446426624,0
1,True,0.29288894754347217,1
1,True,0.28701266404721404,0
1,True,0.23058582088596827,0
1,True,0.11083056485213191,1
1,True,0.2558351409324233,0
1,True,0.11902628706884737,0
1,True,0.30349686154706157,0
1,True,0.23847369355966302,0
1,True,0.2799837009935995,0
1,True,0.18489444309094744,1
1,True,0.1523746263349973,0
1,True,0.24303771920705836,1
1,True,0.22831982800219291,1
1,True,0.20542295869214172,1
1,True,0.2342330640366382,0
1,True,0.368371794601613,0
1,True,0.2717262773684529,0
1,True,0.28247493029316595,0
1,True,0.2721968445776678,0
1,True,0.30397310719260967,0
1,True,0.22049641635496275,0
1,True,0.1272619346162353,0
1,True,0.22057069334969953,0
1,True,0.2705867854998251,0
1,True,0.18150998024424633,0
1,True,0.22118170247553348,1
1,True,0.19541151284988434,0
1,True,0.30510146259215654,1
1,True,0.2674728507703282,1
1,True,0.262577031032198,0
1,True,0.2610800656560486,0
1,True,0.22813753737239367,0
1,True,0.23987781412637518,0
1,True,0.17074077097338414,0
1,True,0.12067790106247163,0
1,True,0.2375040565172512,1
1,True,0.24619951281360722,1
1,True,0.29046322842126887,1
1,True,0.3085667908041184,0
1,True,0.3084999242499473,0
1,True,0.1800988203353061,1
1,True,0.21238674825251155,0
1,True,0.254016714794069,0
1,True,0.3565952338871089,0
1,True,0.3040049601856958,0
1,True,0.28596985809991904,0
1,True,0.21061060222253547,0
1,True,0.1858400184422438,0
1,True,0.26944539416916197,0
1,True,0.174966936788282,0
1,True,0.21807818245098487,0
1,True,0.2242611025499039,0
1,True,0.3096456044561404,1
1,True,0.21226513485201615,0
1,True,0.10803751807136923,0
1,True,0.2552222323831234,1
1,True,0.19504890734480368,0
1,True,0.23213155122188736,1
1,True,0.22566476495789384,0
1,True,0.2163148002091116,0
1,True,0.2695170290892352,0
1,True,0.15335675608236465,0
1,True,0.204149288752282,1
1,True,0.26420189565586905,1
1,True,0.1992957612327816,1
1,True,0.1495596645365014,1
1,True,0.2634277671628368,0
1,True,0.28615473152207693,1
1,True,0.22775023961784968,0
1,True,0.13195772007652337,0
1,True,0.2652984873349408,0
1,True,0.1470056059290156,0
1,True,0.2454399638424083,0
1,True,0.185626808762892,0
1,True,0.17200803571165174,0
1,True,0.2079044991460155,0
1,True,0.22083512217863702,0
1,True,0.1977895874806776,1
1,True,0.25943516391075755,0
1,True,0.20769653107705832,0
1,True,0.2790095435835911,0
1,True,0.244058658282174,0
1,True,0.1951221396701846,0
1,True,0.18670300580838572,0
1,True,0.14762518504762806,0
1,True,0.24453665889334114,1
1,True,0.2122706226374321,1
1,True,0.1113902235968243,0
1,True,0.20321425636153,0
1,True,0.18494829853725242,0
1,True,0.30878387960853304,1
1,True,0.14486106940533452,0
1,True,0.1579324600132973,0
1,True,0.285498482155285,1
1,True,0.2978381578731982,0
1,True,0.19275085306371792,0
1,True,0.19839570885955446,0
1,True,0.26081176982766563,0
1,True,0.1136450101527345,0
1,True,0.1369403157747222,0
1,True,0.21596332995746442,1
1,True,0.3074945283064563,0
1,True,0.20821349559166302,0
1,True,0.23504683958675773,1
1,True,0.2866894636282006,1
1,True,0.33534423666390734,1
1,True,0.20115757634258438,0
1,True,0.2291581638133287,1
1,True,0.32110276106714214,0
1,True,0.15389003624042857,0
1,True,0.2813790535276911,0
1,True,0.17908422338193708,0
1,True,0.23512361835515785,0
1,True,0.2178690476299863,0
1,True,0.18209941996493856,0
1,True,0.18084490361708624,0
1,True,0.24382071821268775,0
1,True,0.2797769664081341,0
1,True,0.22351318984057486,1
1,True,0.23350565793666084,0
1,True,0.2585587033145524,1
1,True,0.181419061349352,1
1,True,0.26698462542064616,1
1,True,0.2709671548529874,1
1,True,0.3601813149375205,0
1,True,0.2111947904720209,0
1,True,0.20709590991659363,0
1,True,0.26844829357868727,1
1,True,0.27095520844560694,0
1,True,0.2032456423311644,1
1,True,0.20984186615349756,0
1,True,0.25705654191090205,0
1,True,0.18862078796326692,0
1,True,0.20947330059924926,0
1,True,0.23447963836842176,0
1,True,0.2797969342411129,0
1,True,0.19977006919102297,1
1,True,0.1378807768984664,0
1,True,0.13417012662408945,0
1,True,0.16702934666469332,0
1,True,0.16434161409000314,0
1,True,0.22226946206900455,0
1,True,0.17055599232011975,0
1,True,0.1948622520089398,0
1,True,0.19129570575089752,0
1,True,0.20797460695760034,0
1,True,0.29612521657615615,0
1,True,0.26309737947152584,0
1,True,0.2308064707638002,1
1,True,0.2069486859709581,0
1,True,0.20833836716884896,1
1,True,0.24638732349759748,0
1,True,0.2592084536676145,0
1,True,0.18461912469497,0
1,True,0.2318240377807116,0
1,True,0.12841902156684865,1
1,True,0.24058568920852985,0
1,True,0.26810746209793435,1
1,True,0.21599656865595623,1
1,True,0.3208263498070053,0
1,True,0.18593807762819747,0
1,True,0.24087202076516306,0
1,True,0.22820876266670223,0
1,True,0.2249851166278296,1
1,True,0.22428389159976264,0
1,True,0.2353552515004736,1
1,True,0.272397937173185,0
1,True,0.2988868118137372,0
1,True,0.22988748777479215,0
1,True,0.27076580360858166,0
1,True,0.19491165268666089,1
1,True,0.26829777263631166,0
1,True,0.1919004238086505,1
1,True,0.28453299680440663,1
1,True,0.34053204386966196,1
1,True,0.2238958056014304,0
1,True,0.12037282545962957,0
1,True,0.20259635333775886,0
1,True,0.2915937567144652,1
1,True,0.25765383935126224,0
1,True,0.2424456799337515,0
1,True,0.28043341779774195,0
1,True,0.2542226719624211,0
1,True,0.29088625937255685,0
1,True,0.2759711838323493,1
1,True,0.30608502263684795,0
1,True,0.24793980419531272,0
1,True,0.27526297007469774,0
1,True,0.21464364634571073,0
1,True,0.19992695942204972,0
1,True,0.31533838202094866,0
1,True,0.24081023381613442,0
1,True,0.27024402829311894,1
1,True,0.23618700072056953,1
1,True,0.2006742174540018,0
1,True,0.23054914462912007,0
1,True,0.3017997008883857,1
1,True,0.25776200371397123,0
1,True,0.14442634201347704,0
1,True,0.21923777717119228,0
1,True,0.3191146896352356,1
1,True,0.21931015690750222,0
1,True,0.13997606541329097,0
1,True,0.32465244427112716,1
1,True,0.26411962549063966,1
1,True,0.22649935705936,1
1,True,0.21142911319589658,1
1,True,0.2841175964895868,0
1,True,0.20290082998869038,0
1,True,0.2874128212257994,0
1,True,0.2571097642862128,0
1,True,0.2422340962743675,0
1,True,0.23727574026677978,1
1,True,0.2212515981642911,0
1,True,0.28228200601046327,0
1,True,0.1867328583949083,0
1,True,0.14890374365848955,0
1,True,0.26072200614462376,0
1,True,0.2615619164033574,0
1,True,0.2540120576255883,0
1,True,0.25038641848090193,0
1,True,0.21397298108312263,1
1,True,0.2693741352192763,0
1,True,0.22772209366227297,0
1,True,0.2056443219592411,0
1,True,0.21440543438723,0
1,True,0.3310319849387916,0
1,True,0.14325119589772836,1
1,True,0.25498940521478997,0
1,True,0.14604447861881414,0
1,True,0.22458833308385134,0
1,True,0.20831862574229063,1
1,True,0.12574858516600612,0
1,True,0.24945187952168815,0
1,True,0.21099809689039023,1
1,True,0.1250396828719378,0
1,True,0.27197840453871264,0
1,True,0.30175030889944676,0
1,True,0.3045062171148286,0
1,True,0.24794782203257357,1
1,True,0.23230290692885577,0
1,True,0.29640783104478985,0
1,True,0.31411917926700494,0
1,True,0.2866784351437813,0
1,True,0.18292311988850996,1
1,True,0.2400672426607461,0
1,True,0.25197580721457147,1
1,True,0.13951915155413855,0
1,True,0.2534680329810387,0
1,True,0.34364959129896944,0
1,True,0.2619968082900396,1
1,True,0.3036706540720878,0
1,True,0.23914573650643525,0
1,True,0.22633908380080894,0
1,True,0.2490635695040488,0
1,True,0.18920866760077837,0
1,True,0.18181124063828058,0
1,True,0.2933152278584683,1
1,True,0.29861711714332595,0
1,True,0.18044468422063248,0
1,True,0.2783999402276932,0
1,True,0.22565200121969897,0
1,True,0.24699042872452154,0
1,True,0.2530109319717532,0
1,True,0.2797175234062159,0
1,True,0.23413591009315946,0
1,True,0.3005080997650968,1
1,True,0.24547064198799626,0
1,True,0.26120921362347665,0
1,True,0.18833687042313768,1
1,True,0.33793295053524175,1
1,True,0.2534912461602483,0
1,True,0.265649871267255,0
1,True,0.14959070943942293,0
1,True,0.18886489884604496,0
1,True,0.2918941843959365,0
1,True,0.24434455591463025,0
1,True,0.1343110132585537,0
1,True,0.281914496449191,0
1,True,0.20281085978236385,0
1,True,0.3005658492938356,0
1,True,0.22560821606981502,0
1,True,0.2402353343010265,1
1,True,0.2889477289295824,1
1,True,0.18512535145726688,0
1,True,0.18035765960830302,0
1,True,0.22017507898009464,0
1,True,0.27135863998106113,0
1,True,0.16345613736932546,0
1,True,0.14659827000554518,0
1,True,0.2711860463521896,0
1,True,0.19985108437164983,0
1,True,0.21038869935398585,0
1,True,0.1371594799029917,0
1,True,0.1960510342824009,0
1,True,0.22962163516844247,1
1,True,0.2765188928811446,0
1,True,0.19143849168826807,0
1,True,0.3128688060116248,0
1,True,0.19577219879101,0
1,True,0.1958454099207413,0
1,True,0.3068678775948901,0
1,True,0.24057300761819586,0
1,True,0.20239876354942118,0
1,True,0.22224334344097033,0
1,True,0.297653678877103,0
1,True,0.3033101409812841,0
1,True,0.1891603410364872,0
1,True,0.2278783094960446,1
1,True,0.23450784138337866,0
1,True,0.18068799447417014,0
1,True,0.2272157473675003,0
1,True,0.23026614302258502,0
1,True,0.28701047394683676,0
1,True,0.2903712514155601,0
1,True,0.21353953008204962,0
1,True,0.21930234280695943,0
1,True,0.26321461510278177,0
1,True,0.20074057755364944,1
1,True,0.25943200758687013,1
1,True,0.22560467563153927,1
1,True,0.18153007111306896,0
1,True,0.18215816435601767,1
1,True,0.3023529348015551,1
1,True,0.22217892604283507,0
1,True,0.3120177046949156,1
1,True,0.2043181869642545,1
1,True,0.2445602600565747,0
1,True,0.3496338361509121,0
1,True,0.17713066276683603,0
1,True,0.1351092750050112,0
1,True,0.2943295065643617,0
1,True,0.18865954473034632,1
1,True,0.22896468179468832,1
1,True,0.20070408947742077,1
1,True,0.24340813904776581,0
1,True,0.1824731896407129,0
1,True,0.2210029956058347,0
1,True,0.25249076632782674,1
1,True,0.1795845556862869,1
1,True,0.19499579851770557,0
1,True,0.21263085832007342,0
1,True,0.1585592282886861,0
1,True,0.2088719508600627,1
1,True,0.2359398269951451,0
1,True,0.2100225529205786,0
1,True,0.21643117535341377,1
1,True,0.22900491645467075,0
1,True,0.19721282687838432,0
1,True,0.2645531282933439,0
1,True,0.3017989062400888,1
1,True,0.20678098039022758,0
1,True,0.2542599115738854,0
1,True,0.21801914222826765,0
1,True,0.24827436725192525,0
1,True,0.30828897656016274,1
1,True,0.25543297715090496,0
1,True,0.14132927305951598,0
1,True,0.25269978157234796,0
1,True,0.29164318716545046,0
1,True,0.21892019150009487,0
1,True,0.27978174030589165,1
1,True,0.1954942229424027,0
1,True,0.15572304202388632,0
1,True,0.23705845094163203,0
1,True,0.1421761639626843,0
1,True,0.2180114493553204,1
1,True,0.29434211313227515,0
1,True,0.13451185471268595,1
1,True,0.16602516020430513,0
1,True,0.17839838774192113,0
1,True,0.226834007014452,0
1,True,0.21171416071768956,0
1,True,0.29995681908480437,1
1,True,0.27771741645458486,0
1,True,0.25476364730342993,0
1,True,0.23728151571719425,0
1,True,0.2496614888492414,0
1,True,0.18690088223433127,1
1,True,0.2728605176778306,1
1,True,0.17439778728203995,0
1,True,0.27176884969511156,1
1,True,0.2893071251059416,1
1,True,0.24054323010440437,0
1,True,0.22118934705190121,0
1,True,0.2500154954154837,0
1,True,0.08692408149496636,0
1,True,0.24511291092427306,1
1,True,0.22433230010800967,0
1,True,0.22746859434715047,1
1,True,0.2653266256448914,1
1,True,0.22626155392176361,0
1,True,0.1729896571674421,0
1,True,0.2229298664587311,1
1,True,0.23337777420404124,1
1,True,0.23574669557905065,0
1,True,0.23809596836425342,0
1,True,0.2819684522459277,0
1,True,0.17569827234829263,0
1,True,0.23878502280824251,0
1,True,0.2944964849309121,0
1,True,0.14326942515314023,0
1,True,0.23898233403900268,0
1,True,0.20073107490134784,0
1,True,0.21146448077634478,0
1,True,0.1847596248392789,0
1,True,0.22152246421497782,0
1,True,0.3220627807213452,0
1,True,0.1667784819411393,0
1,True,0.17151949987605863,0
1,True,0.16490327149182477,0
1,True,0.3163709143314051,0
1,True,0.20688301472393567,0
1,True,0.2287180469826163,0
1,True,0.20986085294468804,0
1,True,0.18277885607984543,0
1,True,0.21824246766927824,1
1,True,0.352912180286828,1
1,True,0.29960354604871275,0
1,True,0.18735310911038638,0
1,True,0.2623787051530843,0
1,True,0.18842386136668118,0
1,True,0.14118161805768897,0
1,True,0.2809755458832315,0
1,True,0.28800464233217754,0
1,True,0.28230261255239497,0
1,True,0.20650673753902138,0
1,True,0.2216612132999007,1
1,True,0.2674882776829062,1
1,True,0.24957480186740538,0
1,True,0.2103181264351478,0
1,True,0.14904640899409177,0
1,True,0.23569375970710063,0
1,True,0.28395048196180567,0
1,True,0.17012058554829215,0
1,True,0.26193796908379885,0
1,True,0.24657708475668463,1
1,True,0.2675074131616167,0
1,True,0.27359877498595037,0
1,True,0.19527673790373234,0
1,True,0.1491520299917527,0
1,True,0.20332402371585603,0
1,True,0.27445636587635036,0
1,True,0.20289980482370146,0
1,True,0.1952978338071179,0
1,True,0.13893248290376808,0
1,True,0.31763237772754693,1
1,True,0.2712856820712655,0
1,True,0.26849479906373824,0
1,True,0.2783862693389737,0
1,True,0.2588354180771701,0
1,True,0.21778355724102355,0
1,True,0.22181179479388993,1
1,True,0.20862178177039375,0
1,True,0.36173703772075005,1
1,True,0.25779560156497217,0
1,True,0.20680997793242828,0
1,True,0.253274838708314,0
1,True,0.17945655410718414,0
1,True,0.3052253359294613,0
1,True,0.196946545209643,0
1,True,0.2550542716311233,0
1,True,0.28329888148715676,0
1,True,0.24923842721024964,0
1,True,0.23472349959098193,1
1,True,0.23054010424280078,0
1,True,0.22717794515564466,0
1,True,0.2011650755536249,0
1,True,0.2075258285115148,0
1,True,0.30397951868254675,0
1,True,0.22457316836574218,0
1,True,0.19071018653086136,0
1,True,0.20418512015692458,1
1,True,0.28501853403486116,0
1,True,0.26378033165822395,0
1,True,0.25801645891161284,0
1,True,0.21712394005451044,0
1,True,0.25866812350864726,0
1,True,0.19782194375246762,0
1,True,0.21701929843271128,0
1,True,0.27849022436958726,0
1,True,0.27371388394595325,0
1,True,0.18090450770245986,1
1,True,0.1872236773545712,0
1,True,0.2354351076406705,0
1,True,0.31630661873347554,1
1,True,0.1342217417765503,0
1,True,0.24391664697852522,0
1,True,0.16119783342134258,0
1,True,0.19828345032372274,1
1,True,0.21177857909678793,0
1,True,0.20897458282815545,0
1,True,0.2033102030170396,1
1,True,0.23036035301881852,0
1,True,0.20323722166847108,1
1,True,0.15687713075729237,1
1,True,0.2689934806261388,1
1,True,0.26764360835744405,0
1,True,0.27215871550113346,0
1,True,0.15296327518679592,0
1,True,0.24494590762920754,0
1,True,0.26379894279034616,0
1,True,0.17843989657802076,1
1,True,0.23045866240910648,0
1,True,0.22418666773448173,0
1,True,0.3221075329284132,0
1,True,0.32622480185062863,0
1,True,0.14678218033348997,0
1,True,0.35469635028639945,0
1,True,0.18423871394233382,0
1,True,0.2790336647163713,0
1,True,0.27852489904318656,0
1,True,0.18021548865790968,0
1,True,0.25466338969195496,0
1,True,0.2246233127866968,1
1,True,0.2577165002316195,1
1,True,0.2415336151190313,0
1,True,0.2898169742685124,1
1,True,0.23376997715730313,0
1,True,0.22160629652868444,0
1,True,0.28480321165285905,1
1,True,0.2590197982429302,0
1,True,0.2665906697160444,0
1,True,0.19677066638707016,0
1,True,0.1777368609300763,0
1,True,0.20161389283736492,0
1,True,0.19895893071597057,0
1,True,0.26930996343264574,0
1,True,0.2787992025147026,0
1,True,0.22224348552338,1
1,True,0.3015459509412176,0
1,True,0.2984234696882565,1
1,True,0.24216994582002696,0
1,True,0.188905411422848,0
1,True,0.308768832471777,0
1,True,0.2269491324485796,1
1,True,0.23630825982154874,0
1,True,0.21301974871967158,1
1,True,0.18551048368514012,0
1,True,0.1565680284842354,0
1,True,0.2616434161778644,0
1,True,0.190829947305169,0
1,True,0.38297656144984116,0
1,True,0.17569632086937606,0
1,True,0.1671308762509315,0
1,True,0.2555069357806721,0
1,True,0.30646567394836477,0
1,True,0.23322948284716108,0
1,True,0.2586121210093637,0
1,True,0.13782262912706453,0
1,True,0.19612442271541167,0
1,True,0.17631921354312166,0
1,True,0.13524770750260595,0
1,True,0.23584901170119435,1
1,True,0.11785861891947833,0
1,True,0.16389020169562757,0
1,True,0.2031403102993291,1
1,True,0.1884357082024462,0
1,True,0.2498204251103534,0
1,True,0.245279009595124,1
1,True,0.2746899372967728,1
1,True,0.2676191866356339,0
1,True,0.28704063946806907,0
1,True,0.2299040799995473,0
1,True,0.2451733450408335,1
1,True,0.25557568509595957,1
1,True,0.23708283486955128,0
1,True,0.21014028450414632,0
1,True,0.2133778732830115,0
1,True,0.18912208008350173,0
1,True,0.2510808414954915,0
1,True,0.22529924129574222,0
1,True,0.19684131246816178,0
1,True,0.19688775903377037,0
1,True,0.16948006361086057,0
1,True,0.27894206706186,0
1,True,0.23393088347658939,0
1,True,0.1868599990213365,0
1,True,0.2704273874801009,1
1,True,0.20197755951028135,0
1,True,0.15967496864938838,0
1,True,0.28106111446095666,0
1,True,0.20314515052169435,0
1,True,0.20955504548956053,0
1,True,0.23205900101745888,0
1,True,0.28712946113950577,0
1,True,0.2310018645433156,0
1,True,0.1700441436927385,0
1,True,0.25719385020560903,0
1,True,0.2057505137869138,0
1,True,0.32439619857647334,0
1,True,0.2299440139001055,0
1,True,0.11824822510506669,0
1,True,0.2478682486077837,0
1,True,0.32722988961301147,0
1,True,0.3087960144272695,0
1,True,0.32154771443782826,1
1,True,0.17901199073092683,1
1,True,0.27560761979883897,1
1,True,0.19390027301316443,0
1,True,0.24121446997084622,0
1,True,0.16635237856301338,0
1,True,0.19777721175586419,0
1,True,0.19618766513181923,0
1,True,0.2749277640071308,0
1,True,0.2700359560834828,0
1,True,0.24384098646654104,0
1,True,0.16247892909723072,0
1,True,0.214418028302514,0
1,True,0.1926941758528637,0
1,True,0.27348378783472455,1
1,True,0.28890924264085927,0
1,True,0.28281927930154416,0
1,True,0.19223902902914897,0
1,True,0.09302334388552605,0
1,True,0.1416519050934973,0
1,True,0.3010813489041104,0
1,True,0.20993725303400881,0
1,True,0.1924637690867444,0
1,True,0.3121330146718117,0
1,True,0.29325799727441637,1
1,True,0.23122243609598933,0
1,True,0.2153298454468013,0
1,True,0.22339493935934374,0
1,True,0.24135813991937333,0
1,True,0.3100023640659804,0
1,True,0.25112337121186135,0
1,True,0.26630145165195707,0
1,True,0.2884635054535086,0
1,True,0.17151619994877906,0
1,True,0.26774309462370216,0
1,True,0.21527156226691943,1
1,True,0.1041952402113617,0
1,True,0.1235915229007094,1
1,True,0.17909411942406572,0
1,True,0.2565611614296291,0
1,True,0.23568997826701482,0
1,True,0.2392183353587832,1
1,True,0.32754717413433465,0
1,True,0.1665455192570094,0
1,True,0.22862833229081383,0
1,True,0.2452217761406908,0
1,True,0.19318634417308322,0
1,True,0.23141633725414706,0
1,True,0.15000253329578275,0
1,True,0.3004953108637514,1
1,True,0.1959192723734783,0
1,True,0.33157000823892513,1
1,True,0.22837628380412725,0
1,True,0.2814026782699592,1
1,True,0.22733485655044228,0
1,True,0.22846280838697353,1
1,True,0.20079853333889963,0
1,True,0.2359561964683139,0
1,True,0.24589993472070237,0
1,True,0.19078707455424102,0
1,True,0.2237477792070058,0
1,True,0.19949505669714432,0
1,True,0.34498320348074196,1
1,True,0.2255134615044191,0
1,True,0.307261607584828,0
1,True,0.2202188834596156,0
1,True,0.24296438207674542,1
1,True,0.16393179641773653,1
1,True,0.20764637040660677,0
1,True,0.24052673353946236,1
1,True,0.3093001915479934,0
1,True,0.24109913888381357,1
1,True,0.29918601805964995,1
2,True,0.2077791755845784,1
2,True,0.22909727966073962,0
2,True,0.20826395046576276,0
2,True,0.18181474407284254,0
2,True,0.2709701334876953,0
2,True,0.2717297790446719,0
2,True,0.34503963792141584,1
2,True,0.22658308158226487,0
2,True,0.27480502948116353,0
2,True,0.2756356289637401,0
2,True,0.24730812194372337,1
2,True,0.2972166794374838,1
2,True,0.29876145934253573,0
2,True,0.276370554759877,0
2,True,0.24721801474761024,0
2,True,0.24212349457227325,0
2,True,0.19161230506014704,1
2,True,0.21970411106911542,0
2,True,0.2288996238049156,0
2,True,0.2038014118785283,0
2,True,0.2819961983343832,0
2,True,0.3198313934493505,1
2,True,0.2145968783835425,0
2,True,0.27417207178723185,0
2,True,0.2082944430235145,0
2,True,0.2447538914530419,1
2,True,0.22548352104111122,0
2,True,0.2900947824303221,1
2,True,0.22606059130789108,0
2,True,0.31058302068533233,1
2,True,0.24771396131689005,0
2,True,0.22751981452025846,0
2,True,0.19733473688274183,0
2,True,0.2726602255147675,0
2,True,0.304760920111309,0
2,True,0.2736660628268437,0
2,True,0.3719415833207212,0
2,True,0.3314893726235209,0
2,True,0.24462361176414923,0
2,True,0.24409862830964654,0
2,True,0.28348483597426766,1
2,True,0.21809904097871574,1
2,True,0.31831441532662436,0
2,True,0.2780800260921792,0
2,True,0.27282294554292663,0
2,True,0.29434768338854084,0
2,True,0.34614149416845297,1
2,True,0.26854776760937527,0
2,True,0.2543479814564308,0
2,True,0.33543598116612894,0
2,True,0.30837752079955677,0
2,True,0.2439510079808139,1
2,True,0.260259322432951,0
2,True,0.26976904579693994,0
2,True,0.2780906472302492,0
2,True,0.1921700074530443,1
2,True,0.182875769609922,0
2,True,0.21563049889987732,1
2,True,0.21176307784943288,1
2,True,0.22780879930137488,0
2,True,0.2917355321045002,1
2,True,0.2515535421837631,0
2,True,0.2698197302505094,0
2,True,0.19878482949788692,0
2,True,0.23691788985395273,0
2,True,0.289362883087242,0
2,True,0.2897476229088401,0
2,True,0.22377130859060462,0
2,True,0.2680831193189777,0
2,True,0.3699423926741166,0
2,True,0.2591201035372181,0
2,True,0.22534065269287773,0
2,True,0.251311880531892,1
2,True,0.26460885537634166,1
2,True,0.25244158096547253,0
2,True,0.25843226496617494,0
2,True,0.18782766015315802,0
2,True,0.21186847624570243,0
2,True,0.25253323814642514,0
2,True,0.25173660149887817,0
2,True,0.23169053625699998,0
2,True,0.2511493206961782,0
2,True,0.2630507427707103,0
2,True,0.3044706728262263,0
2,True,0.25503941323869744,1
2,True,0.2799551602649127,0
2,True,0.23291998492830396,0
2,True,0.28860478617992413,0
2,True,0.27878651488061784,0
2,True,0.303290850158991,0
2,True,0.2956730231222244,0
2,True,0.2894367811440573,0
2,True,0.255079129567111,0
2,True,0.2722469613522234,0
2,True,0.31317544642257633,0
2,True,0.22739627152986028,0
2,True,0.22857961106515673,0
2,True,0.2690715698975181,1
2,True,0.28076398451327267,0
2,True,0.21879467503679978,0
2,True,0.2562618718293346,1
2,True,0.25530006128856075,0
2,True,0.14923599421982647,0
2,True,0.24902030053706203,0
2,True,0.2521341083575767,0
2,True,0.25198535285884904,0
2,True,0.3307957137288634,1
2,True,0.19921008507455623,1
2,True,0.21876887143976936,0
2,True,0.1293902100840333,0
2,True,0.235954166691293,0
2,True,0.24021782229369995,0
2,True,0.2345011411832872,0
2,True,0.315383866974188,0
2,True,0.3030308761168482,0
2,True,0.26389283621336523,0
2,True,0.2414693473230069,0
2,True,0.3113094834053432,0
2,True,0.2590121070082074,0
2,True,0.21908649805407712,1
2,True,0.1741875661257724,0
2,True,0.23793427530521588,0
2,True,0.29773218085863046,0
2,True,0.3738269344771545,0
2,True,0.2630805173094738,1
2,True,0.22173222424398478,1
2,True,0.20075173958578932,0
2,True,0.28759774481527994,0
2,True,0.17176919738078658,0
2,True,0.2875172550702444,0
2,True,0.3008855803131456,0
2,True,0.2818139726616432,0
2,True,0.24901691640307214,0
2,True,0.28824703267734075,0
2,True,0.268546918556415,0
2,True,0.22109380790697042,0
2,True,0.3525206161187513,0
2,True,0.2424160310194742,0
2,True,0.2987876150224955,0
2,True,0.13906928586521428,0
2,True,0.32382354413904646,0
2,True,0.3334381872327291,0
2,True,0.26149168935633194,1
2,True,0.2879385517368879,1
2,True,0.28792575908037815,0
2,True,0.2278608215179638,0
2,True,0.287356115271967,0
2,True,0.21956847650637223,0
2,True,0.2295621538177337,0
2,True,0.31634715716061496,0
2,True,0.30873288453501013,0
2,True,0.22468122489421039,0
2,True,0.22332118282494798,0
2,True,0.2277201698771164,0
2,True,0.29663197832327454,0
2,True,0.21000076095948014,0
2,True,0.2778356319517976,0
2,True,0.2973423405317147,0
2,True,0.25558772748534503,0
2,True,0.3105031848432464,0
2,True,0.24478449152551038,0
2,True,0.24930721995030428,1
2,True,0.2111376884434072,0
2,True,0.31085886738101026,0
2,True,0.22167397765105648,0
2,True,0.27748859088575295,1
2,True,0.25643419664370326,1
2,True,0.20736084684441689,1
2,True,0.22954484280883397,0
2,True,0.32914361195203673,0
2,True,0.270082877131724,0
2,True,0.20954248293165792,0
2,True,0.2752664143674346,0
2,True,0.25269429842027274,0
2,True,0.4327023201122091,0
2,True,0.2742561920671136,1
2,True,0.2409687576466818,0
2,True,0.33100139588935523,0
2,True,0.16794819163535774,0
2,True,0.26471600781905485,1
2,True,0.35972142473405366,1
2,True,0.2541900357820123,0
2,True,0.17333494776759606,1
2,True,0.24020410177947013,1
2,True,0.3327259020479518,1
2,True,0.2788034798160386,1
2,True,0.2180571945243741,0
2,True,0.2257378596410488,0
2,True,0.23201498644250934,0
2,True,0.27805989420269983,0
2,True,0.3269098066469327,0
2,True,0.31262115063995854,1
2,True,0.28280060910545646,1
2,True,0.19341776199712585,0
2,True,0.19360337430032792,1
2,True,0.2866626010606882,0
2,True,0.1927264451033553,0
2,True,0.24872164894656978,0
2,True,0.27520752230930884,1
2,True,0.20312030023186556,0
2,True,0.20878688328205683,0
2,True,0.2552939467716091,0
2,True,0.2851825143762027,0
2,True,0.3130759385206878,0
2,True,0.2903526717385276,1
2,True,0.2636828297496097,0
2,True,0.22269026232214753,0
2,True,0.20645465020777404,0
2,True,0.23445614558354264,1
2,True,0.2804967792490284,0
2,True,0.27683118533136714,0
2,True,0.1550049007137439,0
2,True,0.22071614858662486,0
2,True,0.3202253775803078,0
2,True,0.263960752390207,0
2,True,0.1891495543448507,0
2,True,0.37779105907990757,0
2,True,0.2585529133842618,0
2,True,0.2792166979656704,1
2,True,0.2799762378022567,0
2,True,0.2416202266919907,0
2,True,0.2236213159089303,0
2,True,0.366083749253297,0
2,True,0.31016029348088753,0
2,True,0.30109686005543385,0
2,True,0.28881445958591057,0
2,True,0.2098341304819158,0
2,True,0.3238765095870137,0
2,True,0.21784336709941254,0
2,True,0.2741643399075323,1
2,True,0.17803050472677157,0
2,True,0.157957057467624,0
2,True,0.27591456013265575,0
2,True,0.2195450366402546,0
2,True,0.16054162143513634,1
2,True,0.2870304751473538,0
2,True,0.3660040385525395,0
2,True,0.3294780129290031,0
2,True,0.24713410573671638,0
2,True,0.26044226533484727,1
2,True,0.3043853128391957,0
2,True,0.31610640099174536,0
2,True,0.24282321405871507,1
2,True,0.26170888578622875,1
2,True,0.27503074033822683,0
2,True,0.2876938160139416,0
2,True,0.25334617789943664,0
2,True,0.2539957377465628,1
2,True,0.3289916164877194,1
2,True,0.32047603512214434,0
2,True,0.2838705286718044,1
2,True,0.3459554535011464,0
2,True,0.24067771188867915,0
2,True,0.34114867243146907,0
2,True,0.28712577217677754,1
2,True,0.4235513061107295,1
2,True,0.20037590366087613,0
2,True,0.22553273738913293,0
2,True,0.2809398914100274,1
2,True,0.2798617026489496,1
2,True,0.3575069492087509,1
2,True,0.2265812658350233,0
2,True,0.30524592593469424,1
2,True,0.3181231502340998,1
2,True,0.2952323916110324,0
2,True,0.211950182903784,0
2,True,0.3303879402627099,1
2,True,0.3214662465657707,1
2,True,0.28997922598951886,0
2,True,0.27021738436044773,0
2,True,0.2713054005022186,0
2,True,0.25606321038803115,1
2,True,0.2920392567126321,0
2,True,0.2615567426472489,0
2,True,0.21757375123236794,0
2,True,0.2075704177586204,1
2,True,0.2223981873173854,1
2,True,0.2711066121274726,1
2,True,0.25865220817823964,0
2,True,0.27076718966443747,1
2,True,0.28504065667730555,1
2,True,0.22863395370415607,0
2,True,0.33328300841726743,0
2,True,0.2466144586476263,1
2,True,0.23832865076092455,0
2,True,0.28411931186662265,0
2,True,0.16817448988124636,0
2,True,0.22047327751385404,0
2,True,0.3090536399345917,0
2,True,0.17312890354689447,0
2,True,0.3158787098466578,0
2,True,0.33555682831795675,1
2,True,0.24152723310881258,0
2,True,0.27459063837131553,0
2,True,0.31595435424255136,1
2,True,0.23666054059782402,0
2,True,0.3033887760263091,0
2,True,0.22644256024346643,1
2,True,0.23611988533334105,0
2,True,0.2200331767837513,0
2,True,0.27713235995974017,0
2,True,0.3178984526282775,1
2,True,0.2507943533941418,0
2,True,0.19643754200437985,0
2,True,0.20586465888565922,1
2,True,0.27972997106852704,0
2,True,0.3522058206697135,0
2,True,0.2796862499657199,0
2,True,0.24065517246743737,0
2,True,0.29830919834251424,0
2,True,0.2480250682206627,0
2,True,0.24108573913178968,0
2,True,0.21207704471523683,0
2,True,0.3304224422123178,0
2,True,0.13303960412521681,0
2,True,0.2998929600139635,0
2,True,0.23681275311012318,0
2,True,0.23948296342741937,0
2,True,0.34461575780589065,0
2,True,0.22429344538999743,0
2,True,0.2259965422985795,0
2,True,0.2534802880540235,1
2,True,0.2806923692906119,0
2,True,0.23790721088535655,1
2,True,0.18130705347320575,0
2,True,0.21671509095591174,0
2,True,0.324066692823226,1
2,True,0.26373883945677556,0
2,True,0.2825543641851911,0
2,True,0.24692893964134813,1
2,True,0.22702511519133653,0
2,True,0.34387847249377057,0
2,True,0.25059040714744596,0
2,True,0.23783150602364367,0
2,True,0.314807118317767,1
2,True,0.22388198205663074,0
2,True,0.23026363281130016,1
2,True,0.2605123342008449,0
2,True,0.26001350520440897,1
2,True,0.27298056739516074,1
2,True,0.3645834544697744,1
2,True,0.27681241231761855,0
2,True,0.14109730186246,0
2,True,0.27631494717157806,0
2,True,0.26189399972447996,0
2,True,0.2621725012175729,0
2,True,0.27229736546980854,1
2,True,0.25856608561626004,0
2,True,0.2573693953472306,1
2,True,0.2906522104885393,0
2,True,0.23289596014027497,1
2,True,0.21261568321804122,0
2,True,0.4111890726311196,0
2,True,0.22420712781093832,1
2,True,0.2650071456230038,1
2,True,0.18521698745623164,0
2,True,0.2658234207525711,1
2,True,0.21333872246553326,0
2,True,0.23787635285749947,1
2,True,0.3122532332885562,0
2,True,0.2836004784189037,0
2,True,0.28842047622874095,0
2,True,0.17143975808040685,0
2,True,0.35184475849145064,0
2,True,0.20040593445290625,0
2,True,0.33642804071469323,0
2,True,0.31107719329907435,1
2,True,0.288866637089234,0
2,True,0.21725076095458093,0
2,True,0.26757949224097616,0
2,True,0.236453929467757,0
2,True,0.2614519785752646,0
2,True,0.247506387045722,0
2,True,0.1580694746713796,0
2,True,0.3160892075492294,0
2,True,0.25594464217253193,0
2,True,0.23575998002488815,0
2,True,0.23198363835851163,1
2,True,0.27792297881833844,1
2,True,0.2153121830852764,0
2,True,0.14724122207629783,0
2,True,0.2803564901604138,0
2,True,0.2859551498978411,0
2,True,0.25001840876611836,0
2,True,0.20260485624049956,1
2,True,0.2644467770444643,0
2,True,0.18677338158432055,0
2,True,0.20863847016561704,0
2,True,0.22246510317479196,0
2,True,0.3021969535445778,0
2,True,0.24186945247815417,0
2,True,0.23760667941117697,1
2,True,0.3577346257705623,0
2,True,0.2776231248594357,0
2,True,0.2769497255237413,0
2,True,0.24151496273956127,0
2,True,0.2301814166181611,1
2,True,0.15067967799914248,1
2,True,0.30843702659617794,1
2,True,0.28241548528781896,0
2,True,0.2510417003393293,0
2,True,0.2531386649081872,0
2,True,0.29680721311305275,0
2,True,0.18226449634600733,0
2,True,0.23050593342230974,0
2,True,0.2031848568553735,0
2,True,0.3485754641243373,1
2,True,0.30378277659266506,0
2,True,0.1498653679432318,1
2,True,0.18431191866800123,0
2,True,0.25338271633212567,0
2,True,0.23637798939637877,0
2,True,0.19378088959615558,0
2,True,0.35723811188252447,0
2,True,0.27562699569912896,0
2,True,0.2837408161431546,0
2,True,0.22539925253838933,1
2,True,0.29611370735890014,0
2,True,0.24097836195089942,0
2,True,0.24583284131462504,0
2,True,0.290550097991263,1
2,True,0.17855012174698504,0
2,True,0.33985139299254913,0
2,True,0.2691194607361938,0
2,True,0.32404721043902124,0
2,True,0.2062290121690591,0
2,True,0.21384174379859036,0
2,True,0.2019049889200094,1
2,True,0.27251488363324194,0
2,True,0.26329916509591234,0
2,True,0.23677940903844097,0
2,True,0.20929654035573603,0
2,True,0.19667018651345788,0
2,True,0.2575758049764672,0
2,True,0.23672066102057,0
2,True,0.22571965038208688,0
2,True,0.3373544743065805,0
2,True,0.2558837160903633,1
2,True,0.32350214669634625,0
2,True,0.2333373908658652,0
2,True,0.27223881418993284,1
2,True,0.25722619918718326,1
2,True,0.17511888452409385,0
2,True,0.33141691531319567,1
2,True,0.25324231964837923,0
2,True,0.29732091098164803,0
2,True,0.22239856387692203,1
2,True,0.25175778092101175,1
2,True,0.21665738200383228,0
2,True,0.3217999241381697,0
2,True,0.27557046737253377,0
2,True,0.2783526763340444,0
2,True,0.327909207355249,1
2,True,0.31781706484495115,0
2,True,0.2982671268068143,0
2,True,0.18891363264812688,0
2,True,0.22521604402416584,0
2,True,0.20980559319943237,0
2,True,0.29637668468128997,1
2,True,0.2685325970875026,0
2,True,0.19047437831847025,0
2,True,0.25056278934943865,0
2,True,0.18529438321406108,0
2,True,0.257342175596512,0
2,True,0.17723137480064077,0
2,True,0.28644137466923064,0
2,True,0.2788981313017037,0
2,True,0.3553974246673441,1
2,True,0.30239366447486715,0
2,True,0.23885428720887486,0
2,True,0.3009035046637243,0
2,True,0.19011680595274108,0
2,True,0.21187636981594574,1
2,True,0.2766571266037555,0
2,True,0.15208751686260363,0
2,True,0.25814196075330587,0
2,True,0.20898683539407897,1
2,True,0.2650653527576632,0
2,True,0.20611318209763685,0
2,True,0.28121240687275945,0
2,True,0.2609663711833695,0
2,True,0.33001829584406656,1
2,True,0.2603367267050811,0
2,True,0.2215678597519267,0
2,True,0.24765570720863586,0
2,True,0.19278818014916344,1
2,True,0.280306862735272,0
2,True,0.2894925123157636,0
2,True,0.3834598018346409,1
2,True,0.22890820046977978,0
2,True,0.24661027131624086,1
2,True,0.23121207377808922,0
2,True,0.27060568505656124,0
2,True,0.2790845267239807,0
2,True,0.25733125777857446,0
2,True,0.3143162958436516,1
2,True,0.22915102481226113,0
2,True,0.3093087023945356,1
2,True,0.2869248926820541,0
2,True,0.2593985040050527,0
2,True,0.24425316796214275,0
2,True,0.38133338793656846,0
2,True,0.21914956746289604,0
2,True,0.27489665884842074,1
2,True,0.2224890464878934,0
2,True,0.3492810374310653,0
2,True,0.3043413164399602,0
2,True,0.2260825060579428,0
2,True,0.2856297496715614,1
2,True,0.27288478606382777,0
2,True,0.23416876190126307,0
2,True,0.2979082108614087,0
2,True,0.2794652695552205,0
2,True,0.2707849356942976,0
2,True,0.2579040144378836,1
2,True,0.2815527246299826,1
2,True,0.271469383074623,0
2,True,0.2629546666512509,0
2,True,0.22794920420062184,0
2,True,0.34468831203812467,0
2,True,0.20747900283257265,0
2,True,0.2813818109439873,0
2,True,0.24398796288492836,0
2,True,0.347977363472465,1
2,True,0.21482587313880797,0
2,True,0.2232368369119834,0
2,True,0.21150909683690874,0
2,True,0.2761732525475305,0
2,True,0.1913474670215679,0
2,True,0.2360735752621117,1
2,True,0.15238170885728575,0
2,True,0.27202106770640455,0
2,True,0.23498925706218687,0
2,True,0.18559716280340735,0
2,True,0.314280470148703,0
2,True,0.19461665508075304,0
2,True,0.2998471845014108,0
2,True,0.22494795880060978,0
2,True,0.3400785688947713,1
2,True,0.2974775269463073,1
2,True,0.2095976064562986,0
2,True,0.21414587238948468,0
2,True,0.2902762602612155,0
2,True,0.24688109346449166,0
2,True,0.2515328746489317,0
2,True,0.3236119430886049,0
2,True,0.22256555633150218,0
2,True,0.26456468860877275,0
2,True,0.3077313896826153,0
2,True,0.30045587441928,1
2,True,0.2520193666239664,0
2,True,0.2455547059573671,0
2,True,0.17305922687395342,0
2,True,0.20718775036674023,1
2,True,0.2759179613287367,1
2,True,0.2531058905528882,0
2,True,0.2637463539283113,0
2,True,0.31196268048170306,0
2,True,0.2006338445468863,0
2,True,0.24819098488836752,0
2,True,0.2694355481705609,0
2,True,0.2247920031212742,0
2,True,0.3315738556963709,1
2,True,0.30542934008065736,0
2,True,0.27450666635443777,0
2,True,0.34971158896642934,0
2,True,0.1850552360194929,0
2,True,0.2596136859447159,0
2,True,0.27831684844670307,1
2,True,0.2142722476603039,1
2,True,0.2750357270908864,0
2,True,0.2046708753106061,0
2,True,0.29452786591371266,0
2,True,0.31289173840644535,0
2,True,0.27361667005641643,0
2,True,0.1673601092467527,0
2,True,0.2116603239416983,0
2,True,0.288235500160658,0
2,True,0.2610599321756183,0
2,True,0.1252998691153756,1
2,True,0.32214151919341205,0
2,True,0.26683282531269165,1
2,True,0.21904626679999775,0
2,True,0.30974777987833324,1
2,True,0.22612299935465507,0
2,True,0.22557739411978928,0
2,True,0.27791763255070184,0
2,True,0.34905192296211474,1
2,True,0.3411793588986443,0
2,True,0.2779855749452053,0
2,True,0.283119282942516,1
2,True,0.2995749466042413,0
2,True,0.19715081623153255,1
2,True,0.29220741685759916,0
2,True,0.2232963265928236,0
2,True,0.275923903339829,0
2,True,0.24862661861963314,0
2,True,0.2850604163557107,0
2,True,0.26590517325032303,0
2,True,0.10634848645893502,0
2,True,0.268944585585259,1
2,True,0.29210764761496316,1
2,True,0.2822964174169227,0
2,True,0.254870702689571,0
2,True,0.3421080845965203,0
2,True,0.2755686564560831,1
2,True,0.28188366500965534,1
2,True,0.31222459470252845,0
2,True,0.27812964998483,0
2,True,0.21509911232928983,1
2,True,0.1380831293110189,0
2,True,0.23614395489909593,0
2,True,0.2980472762940558,1
2,True,0.2423451834291097,0
2,True,0.3000589186140865,0
2,True,0.26743640879601366,1
2,True,0.32440330351310925,0
2,True,0.24523916464396694,0
2,True,0.2833807413283844,1
2,True,0.285294253226768,1
2,True,0.33508009363155966,0
2,True,0.17466813468328612,0
2,True,0.23707958627234213,1
2,True,0.3024258052694252,0
2,True,0.3372948239889324,1
2,True,0.27200357563210403,0
2,True,0.24536479177892567,0
2,True,0.2978559184337223,0
2,True,0.30343513376158415,1
2,True,0.24201691606663464,1
2,True,0.2765153656088773,0
2,True,0.3190263631205985,0
2,True,0.3545229496637226,1
2,True,0.2971302479617646,0
2,True,0.26220694483327966,0
2,True,0.2572962411981046,1
2,True,0.2878698278596812,1
2,True,0.2542163578760275,1
2,True,0.26948202495111945,0
2,True,0.20710618677345627,0
2,True,0.32485285982455797,1
2,True,0.20299076364256607,0
2,True,0.23839441197734937,0
2,True,0.2648796630425907,1
2,True,0.35954934399443195,1
2,True,0.23886585075738365,1
2,True,0.22669920930198018,0
2,True,0.2324591541333103,1
2,True,0.34294485838056565,0
2,True,0.11938265032469894,0
2,True,0.20986309939257067,1
2,True,0.3965644354579776,0
2,True,0.28954410367458183,1
2,True,0.20470075253303902,0
2,True,0.2579041008912614,1
2,True,0.2633727283033931,1
2,True,0.3023062622952803,0
2,True,0.3519751001411282,0
2,True,0.2794275840639608,0
2,True,0.23301058484935197,1
2,True,0.29935422210491025,1
2,True,0.22508736515685696,1
2,True,0.20833312520054853,0
2,True,0.17200455640217777,0
2,True,0.18174358027497994,0
2,True,0.2151777421937864,0
2,True,0.20111051161495647,0
2,True,0.2756618263687359,0
2,True,0.20002990870879825,0
2,True,0.1028166848987628,0
2,True,0.20780441127052673,0
2,True,0.23640701761392904,0
2,True,0.22972752560640175,0
2,True,0.3359762339654592,1
2,True,0.2293228720355425,0
2,True,0.3040461731599599,1
2,True,0.25905087001595695,0
2,True,0.2578847637163701,0
2,True,0.21823098555759815,0
2,True,0.2570608674209616,0
2,True,0.22174519365512915,0
2,True,0.26850121571272856,1
2,True,0.24818751836881559,1
2,True,0.21276860334042,1
2,True,0.30959471698502977,0
2,True,0.2813420240010713,0
2,True,0.2375968632928876,0
2,True,0.2672746523517655,0
2,True,0.2558088739249018,0
2,True,0.2166204531368363,0
2,True,0.2635248114510582,0
2,True,0.22894941225963128,0
2,True,0.21275330821899505,1
2,True,0.17886163348667378,1
2,True,0.24206963232306847,0
2,True,0.28834853297918617,1
2,True,0.22526703233105702,0
2,True,0.38603543460789846,1
2,True,0.30428428268263663,1
2,True,0.3252165066330239,1
2,True,0.29976215060368794,1
2,True,0.35264324874692865,0
2,True,0.2206499008263729,1
2,True,0.13196313071706892,0
2,True,0.23769371958235586,0
2,True,0.2879109287773769,0
2,True,0.2675758485873989,1
2,True,0.2737736305483892,0
2,True,0.32604550013349365,0
2,True,0.279102878723125,1
2,True,0.29994564637955107,0
2,True,0.21302186290736205,0
2,True,0.20523031553919818,0
2,True,0.34070569615122437,0
2,True,0.2650450767573534,1
2,True,0.22883854082769325,0
2,True,0.2289302753226441,0
2,True,0.22754384391808713,0
2,True,0.22455204894770792,0
2,True,0.195842609869817,1
2,True,0.18497897988897458,0
2,True,0.250249781117279,1
2,True,0.23035370648398004,0
2,True,0.3153579642721648,0
2,True,0.27465383266334586,0
2,True,0.2732658840038992,0
2,True,0.22284397962227748,0
2,True,0.2539485792110012,1
2,True,0.278050055181572,0
2,True,0.29580978698563376,0
2,True,0.25530540867408175,0
2,True,0.31395618896621047,0
2,True,0.26039946544539716,0
2,True,0.299642355925884,1
2,True,0.23550738957054249,0
2,True,0.16937058167156793,0
2,True,0.2734179494009261,0
2,True,0.29626620315733126,0
2,True,0.2887673665903785,0
2,True,0.281109333071872,0
2,True,0.24257065170225064,0
2,True,0.21966268742772038,1
2,True,0.28758641345218905,0
2,True,0.28132237080991374,0
2,True,0.2319550454578087,0
2,True,0.31547120945960283,0
2,True,0.21585672427261998,0
2,True,0.230823831060448,0
2,True,0.3418212606170833,1
2,True,0.3034290968866956,0
2,True,0.24209953470544887,0
2,True,0.27436903548217756,0
2,True,0.2677396122261919,0
2,True,0.1227193067511311,0
2,True,0.2146763025263309,0
2,True,0.25745766914453594,0
2,True,0.24216942617203469,0
2,True,0.272355128241521,1
2,True,0.316474115647396,1
2,True,0.24392321076730364,0
2,True,0.20711726019385676,0
2,True,0.27624258292555226,1
2,True,0.24366883332160982,1
2,True,0.2521968249589049,1
2,True,0.24541131404234606,0
2,True,0.3720918900005493,0
2,True,0.14796478695010273,0
2,True,0.2405833048433677,1
2,True,0.2598155487175804,0
2,True,0.22094287538586108,0
2,True,0.30499129160641414,0
2,True,0.30066288393598195,0
2,True,0.257612269075573,0
2,True,0.2464663122328153,0
2,True,0.25440215828841767,0
2,True,0.2547606673176095,0
2,True,0.2560813485937119,0
2,True,0.25060004492416005,0
2,True,0.2726224657296196,1
2,True,0.29766060324139326,1
2,True,0.19848699262007116,0
2,True,0.20746680503834256,0
2,True,0.17257409852582384,0
2,True,0.30331987001787997,0
2,True,0.27251616465952316,0
2,True,0.2852633757966385,0
2,True,0.18852508808182658,0
2,True,0.34924740614400696,0
2,True,0.22955745459273214,0
2,True,0.2684102903555628,0
2,True,0.3027192330339186,1
2,True,0.21065101221019641,0
2,True,0.23268378207436666,0
2,True,0.26895858873004375,0
2,True,0.40287365377323536,1
2,True,0.27505623714260125,1
2,True,0.34031805753153593,0
2,True,0.3202836572595978,0
2,True,0.2784005018247259,0
2,True,0.21054021141846607,0
2,True,0.31298768054091175,1
2,True,0.18509448291759767,0
2,True,0.34004375618385463,1
2,True,0.27000026541091277,0
2,True,0.1274888226350912,0
2,True,0.24297469524840806,1
2,True,0.292697391046147,0
2,True,0.24814880634801167,1
2,True,0.29575029054967866,0
2,True,0.21749879161438523,1
2,True,0.19470088136061964,0
2,True,0.25642772984761975,0
2,True,0.26157828336449573,1
2,True,0.24258078244688394,0
2,True,0.32136455733210967,0
2,True,0.21748963124304713,1
2,True,0.2756582803666175,0
2,True,0.26339849855818126,1
2,True,0.18216420239319583,0
2,True,0.19404849081657438,0
2,True,0.2605955508124316,0
2,True,0.35905999993434823,0
2,True,0.28896349059494053,1
2,True,0.17371825874276836,0
2,True,0.10447559674403312,0
2,True,0.296652679650219,0
2,True,0.25518932585359005,0
2,True,0.3170632984755185,0
2,True,0.21596410396442794,1
2,True,0.2775106248929263,1
2,True,0.30230867315139315,1
2,True,0.23762681808967592,0
2,True,0.23869572148844673,0
2,True,0.26126314155491953,0
2,True,0.28713381732801646,1
2,True,0.25928329977440445,0
2,True,0.3086998168879743,0
2,True,0.23690324053664852,0
2,True,0.19358023972684452,1
2,True,0.358848768405659,1
2,True,0.2297683131728777,1
2,True,0.23157789581411264,0
2,True,0.2567098339463908,1
2,True,0.26335905548269906,0
2,True,0.24066581787558586,0
2,True,0.25912830515254953,0
2,True,0.2580118884285913,0
2,True,0.26874096635104033,0
2,True,0.1421256270506342,0
2,True,0.3540438153503925,0
2,True,0.25263558432327216,0
2,True,0.2890311309723493,1
2,True,0.1910949329232988,0
2,True,0.2364499869375375,0
2,True,0.2263842066839793,0
2,True,0.3334861882254273,1
2,True,0.23070931965820587,0
2,True,0.29790399934700457,0
2,True,0.22747897736634026,0
2,True,0.2373690530173028,0
2,True,0.24772249173996572,0
2,True,0.32419225634146503,0
2,True,0.16550736704849406,0
2,True,0.19421682223627837,0
2,True,0.16263474171550918,0
2,True,0.2056248940119275,0
2,True,0.21941999744039464,0
2,True,0.17927593729548055,0
2,True,0.22329261266926656,0
2,True,0.15926427595332926,0
2,True,0.20910056381161596,0
2,True,0.32002101999551,0
2,True,0.2801794035140551,0
2,True,0.2693733836086264,0
2,True,0.20986107218604427,0
2,True,0.18319575204776378,0
2,True,0.20304219622328598,0
2,True,0.2578395086551993,0
2,True,0.3034088389863334,1
2,True,0.305118370856766,0
2,True,0.29153061812416664,0
2,True,0.2231221567966028,1
2,True,0.2612274916201994,0
2,True,0.24393287349813772,0
2,True,0.2499405118252625,0
2,True,0.36185639484799065,1
2,True,0.17189998814981938,1
2,True,0.24826615920388698,0
2,True,0.3205874453598079,1
2,True,0.1867054252483231,0
2,True,0.22781262873668748,0
2,True,0.23354807512161802,0
2,True,0.2488355138973008,0
2,True,0.18020214201968915,0
2,True,0.289764303016902,1
2,True,0.2933143641256572,0
2,True,0.2854187662508974,0
2,True,0.21648131628544592,0
2,True,0.2643255395393648,0
2,True,0.21502798802154563,0
2,True,0.24337016696142438,1
2,True,0.3676733963585439,0
2,True,0.2647847688798128,0
2,True,0.20062367120064134,0
2,True,0.2690167670331957,1
2,True,0.19241020369683454,1
2,True,0.2000494803742494,0
2,True,0.20794384320256046,0
2,True,0.23778452739021583,0
2,True,0.3068484497794601,1
2,True,0.288919909900842,1
2,True,0.28614976641236645,1
2,True,0.2050537717204729,0
2,True,0.23293428222821758,0
2,True,0.27360005534415943,0
2,True,0.22858400073057936,0
2,True,0.2460816779849451,0
2,True,0.2820679346264975,0
2,True,0.2425613659399349,0
2,True,0.2713029794551013,1
2,True,0.33963642280097844,1
2,True,0.2514070600506501,1
2,True,0.31896689048596033,1
2,True,0.28796850336536794,0
2,True,0.1866379003256617,0
2,True,0.2048931485368238,0
2,True,0.2183202058465052,0
2,True,0.21725825415336084,0
2,True,0.2554855126946593,0
2,True,0.29073220240409114,1
2,True,0.32275792083523613,1
2,True,0.2754087544362541,1
2,True,0.2377160221973395,1
2,True,0.1558879378185063,1
2,True,0.2635294787708669,0
2,True,0.2612885096847496,1
2,True,0.2691464376769479,1
2,True,0.3653120148851666,1
2,True,0.3220298273096536,0
2,True,0.2992530459124993,0
2,True,0.21189614349642003,1
2,True,0.23435026254016283,0
2,True,0.2552577696535749,0
2,True,0.22122964379948232,0
2,True,0.2850232262492559,0
2,True,0.27784544246078524,0
2,True,0.20558461034726538,1
2,True,0.31984083545480624,1
2,True,0.26511551669044303,1
2,True,0.17354644266288743,0
2,True,0.25743285708275154,0
2,True,0.27406032279614523,0
2,True,0.308639618071787,0
2,True,0.2431261798436692,0
2,True,0.30139691337236035,1
2,True,0.2693570993385108,1
2,True,0.19424726954812105,0
2,True,0.18924166132587433,0
2,True,0.31612799350746745,0
2,True,0.3197992089190885,0
2,True,0.27614546152023617,0
2,True,0.33478533605900146,0
2,True,0.31283049245208033,0
2,True,0.2941814364739861,0
2,True,0.2144344255633164,1
2,True,0.3465714375516172,0
2,True,0.28681507161041364,0
2,True,0.24070806126941893,0
2,True,0.2265864997347351,0
2,True,0.2728391890756929,0
2,True,0.17644704575807726,0
2,True,0.2949836637676431,1
2,True,0.21232145926529866,0
2,True,0.2785304054412143,0
2,True,0.23391898313209203,0
2,True,0.24677906436376482,0
2,True,0.22215450636174677,0
2,True,0.25193852844095993,1
2,True,0.3544689773008677,0
2,True,0.32925298135243203,0
2,True,0.2777239477497728,0
2,True,0.2587352867217524,0
2,True,0.30221005953464425,1
2,True,0.31649851970537785,0
2,True,0.21850908088962354,0
2,True,0.2561280566183899,0
2,True,0.168902088521596,0
2,True,0.31615510551304477,0
2,True,0.3632512128850428,0
2,True,0.2640041312311543,0
2,True,0.1537494937548492,0
2,True,0.29044452582885155,1
2,True,0.214795541692546,0
2,True,0.226832527916777,0
2,True,0.2913288194895502,0
2,True,0.27272770627563625,0
2,True,0.23559456123306993,0
2,True,0.2275197183699168,1
2,True,0.26629180276104164,0
2,True,0.23952672237438163,0
3,True,0.19883414282386053,1
3,True,0.33216724459624897,1
3,True,0.2455707687621519,0
3,True,0.3424451857585792,1
3,True,0.4504080456958248,0
3,True,0.17634111849394374,0
3,True,0.32476885739303246,1
3,True,0.19959186432031306,0
3,True,0.31133844611087524,0
3,True,0.27966139182240535,0
3,True,0.2964891161230922,0
3,True,0.2444156861835882,0
3,True,0.329027055474825,0
3,True,0.217582108101481,0
3,True,0.35208186314493706,0
3,True,0.2695374846694909,0
3,True,0.21986546612984553,0
3,True,0.36974684116703493,0
3,True,0.28663286735954235,0
3,True,0.38538179852210136,1
3,True,0.35106780646566715,1
3,True,0.2500927147606783,0
3,True,0.2857505099531626,1
3,True,0.29605189698317874,1
3,True,0.366315159999322,0
3,True,0.3118758856683558,1
3,True,0.298814631054823,1
3,True,0.2800060206450847,0
3,True,0.2874721482072681,0
3,True,0.35522960428391626,1
3,True,0.2901852675398737,1
3,True,0.2702501364350913,0
3,True,0.2617746417193157,1
3,True,0.26231174230819193,1
3,True,0.2198952001978618,1
3,True,0.2524812345836761,1
3,True,0.3649210137825162,0
3,True,0.2796700369716252,0
3,True,0.32522058342780497,0
3,True,0.16606217410495833,0
3,True,0.31841556544829397,0
3,True,0.2819323647815444,1
3,True,0.2659279988554746,1
3,True,0.2990479978710566,0
3,True,0.26520873730939865,0
3,True,0.18380625400558223,0
3,True,0.3361123970585969,0
3,True,0.3021508780674097,0
3,True,0.27430287726260744,0
3,True,0.24169073139637817,0
3,True,0.2165071241946433,0
3,True,0.3011946353534029,0
3,True,0.37067204801126796,0
3,True,0.30015832383705193,0
3,True,0.22086191969535873,0
3,True,0.30125583635192016,1
3,True,0.28733285188766367,1
3,True,0.33320218130371154,0
3,True,0.3203366588705864,0
3,True,0.14070887329450385,0
3,True,0.31726211022142287,1
3,True,0.23982602952479584,0
3,True,0.2189135629275651,0
3,True,0.28057632948132183,0
3,True,0.3105485554515006,0
3,True,0.2079632694856588,0
3,True,0.32522882085287763,0
3,True,0.32816694237658006,0
3,True,0.2923488098149749,0
3,True,0.2466188184886476,0
3,True,0.24103109979053544,0
3,True,0.3412966065790114,0
3,True,0.2144388656752048,1
3,True,0.34322352304095893,1
3,True,0.2817400420434782,0
3,True,0.28520827501785717,1
3,True,0.2045956147293338,0
3,True,0.2826641684935707,0
3,True,0.3206792758005688,0
3,True,0.22317949560740097,0
3,True,0.3149317933625923,0
3,True,0.2944506126839512,1
3,True,0.2578122193083847,0
3,True,0.33273365432456525,0
3,True,0.1798871615510722,0
3,True,0.30733403743718546,0
3,True,0.37097175790366466,0
3,True,0.3619971569550331,0
3,True,0.30949033602692616,0
3,True,0.27491596119345774,1
3,True,0.2582098721726185,0
3,True,0.27485371030471795,0
3,True,0.3171903623958953,1
3,True,0.24963780972702923,0
3,True,0.3278711909025191,1
3,True,0.39665802590016624,1
3,True,0.2869058382436303,0
3,True,0.22278025983583477,0
3,True,0.22276276268417938,0
3,True,0.3288282775855788,0
3,True,0.28701269105197785,0
3,True,0.3338415448032027,0
3,True,0.26331828754203257,0
3,True,0.3315311773769916,0
3,True,0.2820850413275138,0
3,True,0.2533747972338026,0
3,True,0.2699500760598808,0
3,True,0.2301472822288382,1
3,True,0.3894679779290806,0
3,True,0.2851809093220757,0
3,True,0.3222257044341098,0
3,True,0.26315654335646005,0
3,True,0.23740360890100887,0
3,True,0.27830597445410327,1
3,True,0.34505962666895995,0
3,True,0.26396341043008587,0
3,True,0.24647340136352927,0
3,True,0.2977732122184572,1
3,True,0.31495113003588726,0
3,True,0.3721424084426592,0
3,True,0.30768752391862475,1
3,True,0.3221996339265618,1
3,True,0.3259637618460161,0
3,True,0.2323492309033685,1
3,True,0.24183339647652283,1
3,True,0.23580518551971752,0
3,True,0.22339271221541773,1
3,True,0.3297729937435202,0
3,True,0.3045025045831878,0
3,True,0.29397480315457253,0
3,True,0.1603641742298866,1
3,True,0.392773842930931,1
3,True,0.24528639979232225,0
3,True,0.3925906377969479,0
3,True,0.2175379259674342,0
3,True,0.24937994207217318,1
3,True,0.17985753087451856,0
3,True,0.3081062487971349,0
3,True,0.23493715895943842,1
3,True,0.23634999229508233,1
3,True,0.22137428914128016,0
3,True,0.3288677531368932,0
3,True,0.3255731825783774,0
3,True,0.38060169455393933,0
3,True,0.25571466894635136,0
3,True,0.30094096855234004,0
3,True,0.22553324012990245,1
3,True,0.2732480488632341,0
3,True,0.26405773433594115,1
3,True,0.3132224978747711,1
3,True,0.3408510903209096,0
3,True,0.33955333454157505,0
3,True,0.2478593863891195,0
3,True,0.33992339523115,1
3,True,0.2877957431446102,0
3,True,0.2737701552051493,0
3,True,0.25457442565905414,0
3,True,0.2620032102819224,1
3,True,0.3771156923098117,1
3,True,0.30537053832470124,0
3,True,0.2987305923750603,0
3,True,0.2768876570731527,0
3,True,0.4122989305719015,1
3,True,0.3552505244423213,1
3,True,0.2539468942600604,1
3,True,0.2763192472647688,0
3,True,0.2792877728314545,0
3,True,0.29729359891413,0
3,True,0.25493870036842825,0
3,True,0.3119408261680849,0
3,True,0.36260440660196575,1
3,True,0.22431859454979186,0
3,True,0.23359266314539667,0
3,True,0.2658420722351347,1
3,True,0.26816022199460854,0
3,True,0.38992329373729656,0
3,True,0.340085461000742,1
3,True,0.33721611760591325,0
3,True,0.27678171532433,0
3,True,0.2756843296606593,0
3,True,0.21741472931173011,1
3,True,0.3290870114023909,0
3,True,0.3145527302404393,0
3,True,0.35429986823391424,0
3,True,0.27945851433219165,0
3,True,0.2829110426899802,1
3,True,0.29850227642803184,0
3,True,0.3345948787753548,0
3,True,0.21648921889512607,0
3,True,0.32680280668691875,0
3,True,0.2889752218913585,0
3,True,0.2370681366023152,0
3,True,0.18576971236729672,0
3,True,0.2831763144060824,0
3,True,0.3623856491637035,1
3,True,0.3737342333370698,1
3,True,0.30776881053350486,0
3,True,0.3881002831921124,0
3,True,0.2878529458521628,0
3,True,0.3376651775821391,0
3,True,0.26743845555467866,0
3,True,0.2642700580357926,1
3,True,0.2561245441559682,0
3,True,0.1869735526437844,0
3,True,0.3543546129973456,1
3,True,0.25791837804309925,0
3,True,0.24992806101224022,0
3,True,0.23100141591936627,0
3,True,0.27978202817318587,0
3,True,0.37817461552798715,1
3,True,0.3946889425411359,0
3,True,0.20695665620989587,0
3,True,0.2722776002011859,0
3,True,0.2382821114953151,1
3,True,0.33941688706057604,0
3,True,0.30432967736469635,0
3,True,0.2581715336310083,0
3,True,0.29362865402955096,1
3,True,0.26612906892961463,0
3,True,0.3707123047187449,0
3,True,0.317347975750802,1
3,True,0.3234911710458219,0
3,True,0.15665412609835516,0
3,True,0.2866605660585595,0
3,True,0.39416054795295175,0
3,True,0.35630645350183426,0
3,True,0.1976455207039849,0
3,True,0.27432870836582035,0
3,True,0.22992402670406398,0
3,True,0.3755550780181436,0
3,True,0.30221391411379545,1
3,True,0.25161022201342825,0
3,True,0.2917078971770395,0
3,True,0.15963172354657584,0
3,True,0.23575193482717122,0
3,True,0.2918221862913155,0
3,True,0.33228376842266616,0
3,True,0.192934293970133,0
3,True,0.27094223461487854,0
3,True,0.3404842869259411,1
3,True,0.21742733378133644,1
3,True,0.3014591417392087,1
3,True,0.2932987251553002,0
3,True,0.37571901601783014,0
3,True,0.27849319034441816,0
3,True,0.28141997008124653,1
3,True,0.33274798765823443,1
3,True,0.2236825665975328,1
3,True,0.27895583967245713,0
3,True,0.2672137494579745,1
3,True,0.283054409364745,0
3,True,0.33242032244814196,1
3,True,0.3177080742541087,0
3,True,0.2525658845735662,0
3,True,0.2968349601663607,0
3,True,0.36452208070502623,1
3,True,0.24843171506013478,0
3,True,0.29725833901985066,0
3,True,0.2803419661530686,0
3,True,0.2868497492081612,0
3,True,0.20846711888753,1
3,True,0.36053814271561024,0
3,True,0.25128240495559084,0
3,True,0.34130359850767666,1
3,True,0.25893116959762447,0
3,True,0.258724767405212,0
3,True,0.35065616252327336,0
3,True,0.33969423017389627,0
3,True,0.3004332949481992,0
3,True,0.328057527490316,0
3,True,0.27557236098718,0
3,True,0.2895816186140555,1
3,True,0.2569187803768091,1
3,True,0.335203247465013,1
3,True,0.25532933344163244,0
3,True,0.36425781724689266,0
3,True,0.27420829158400883,1
3,True,0.2910254282008167,1
3,True,0.32793640103271676,0
3,True,0.29119322105947915,0
3,True,0.27510458428573453,0
3,True,0.28849882760957646,0
3,True,0.33469091767787923,0
3,True,0.2568573888931648,0
3,True,0.2836881496363368,1
3,True,0.2905143363668738,0
3,True,0.33322925977638285,0
3,True,0.2850077313064282,0
3,True,0.3804149547246861,1
3,True,0.2821730711142453,1
3,True,0.27811581807973607,0
3,True,0.28144839391911347,0
3,True,0.22416792856709952,0
3,True,0.2381636576620658,1
3,True,0.2634666555130454,0
3,True,0.3467914924425065,1
3,True,0.28834369703189955,0
3,True,0.26576779051921473,0
3,True,0.3513267372803298,0
3,True,0.3675588566446131,0
3,True,0.35276912304538804,0
3,True,0.24734550013824214,0
3,True,0.26523756899031725,1
3,True,0.38068680351573597,0
3,True,0.30205698460000113,1
3,True,0.2766186467551961,0
3,True,0.3259173980665419,0
3,True,0.3403649533679057,1
3,True,0.26142752145358683,1
3,True,0.3009719979309966,0
3,True,0.33632800346085295,1
3,True,0.2319856427020074,0
3,True,0.290617272871307,0
3,True,0.23428051734746427,0
3,True,0.2408209751536595,0
3,True,0.26184499612598483,0
3,True,0.31385597689397354,0
3,True,0.2738988685680933,1
3,True,0.2575790937515797,1
3,True,0.292577728166248,1
3,True,0.23265186358667855,0
3,True,0.31144016089169557,0
3,True,0.34656933809791557,0
3,True,0.2860397979505995,0
3,True,0.2798675503349896,0
3,True,0.3086720176607785,0
3,True,0.1885765290584228,0
3,True,0.3168408728298934,0
3,True,0.4450942901872432,0
3,True,0.283866188944264,0
3,True,0.2840437483141835,0
3,True,0.3271803500049842,0
3,True,0.37226663340989813,1
3,True,0.3387483922217068,0
3,True,0.18221965607082252,0
3,True,0.3181699418831374,1
3,True,0.41859650726208375,0
3,True,0.3211220523379733,0
3,True,0.23226990433641256,0
3,True,0.3040914812209307,0
3,True,0.22596563743294668,0
3,True,0.35164018446344303,1
3,True,0.24220587059860377,1
3,True,0.2937121817346012,0
3,True,0.24711099990040764,0
3,True,0.26267759712260047,0
3,True,0.3643075322930248,1
3,True,0.2951728582446849,0
3,True,0.26203987631371406,0
3,True,0.23273860145566388,1
3,True,0.19641492568002822,0
3,True,0.2274359683238657,0
3,True,0.29559796207221894,0
3,True,0.3390116884361332,0
3,True,0.26198242537889,0
3,True,0.36852718003595075,0
3,True,0.2541249788885887,0
3,True,0.27809941385600606,1
3,True,0.23602116398313744,0
3,True,0.3395380867283928,1
3,True,0.3948755307022284,0
3,True,0.20190915195319015,0
3,True,0.27269189656826515,0
3,True,0.3532389923525018,1
3,True,0.21765272392871998,0
3,True,0.31833419534855434,0
3,True,0.35107361001037857,0
3,True,0.2939114407178419,0
3,True,0.31751315354700665,1
3,True,0.3780451193063804,1
3,True,0.3874213277050574,1
3,True,0.2869016393482759,0
3,True,0.2633811075350384,1
3,True,0.2440009944463152,0
3,True,0.3388482075214357,0
3,True,0.2214112221104516,0
3,True,0.2773712981004399,0
3,True,0.29513448854772334,0
3,True,0.2648498743640623,0
3,True,0.30399101325095623,1
3,True,0.41822566591463795,0
3,True,0.2839200704826729,0
3,True,0.26822971862863054,0
3,True,0.3407665912190927,1
3,True,0.30197918220727615,1
3,True,0.36196678856056885,1
3,True,0.298234380990986,0
3,True,0.27757883960144836,0
3,True,0.20081375559527226,0
3,True,0.20901326530941303,0
3,True,0.1982150654786449,0
3,True,0.308966958314212,1
3,True,0.22188752600662703,0
3,True,0.35277886829596916,0
3,True,0.2915123282427977,1
3,True,0.2777906540449166,0
3,True,0.24780724623978312,0
3,True,0.3211129374135103,0
3,True,0.24977510902287947,0
3,True,0.240731099796506,0
3,True,0.3494174960302675,0
3,True,0.30773105803875117,0
3,True,0.27825352858758645,0
3,True,0.32207164923668585,0
3,True,0.290446593655535,1
3,True,0.3091506575225842,1
3,True,0.2491576048812273,0
3,True,0.39351993044553113,0
3,True,0.2610190016161888,0
3,True,0.3678008163474989,0
3,True,0.2805565575347762,0
3,True,0.33035485578274815,0
3,True,0.32671117495130686,0
3,True,0.3473425877575023,1
3,True,0.2479688146417928,0
3,True,0.34378177006394317,1
3,True,0.3823219925455721,0
3,True,0.2770653510379072,0
3,True,0.2917353033571062,1
3,True,0.2638276678759923,0
3,True,0.27267818739074506,0
3,True,0.37557113994662455,1
3,True,0.23978827369348982,0
3,True,0.24289405890746144,0
3,True,0.37054504682071887,0
3,True,0.32122742129441817,0
3,True,0.39601851245212627,0
3,True,0.2674780681087074,0
3,True,0.2963140568618785,1
3,True,0.25696615281140983,0
3,True,0.29716505843238483,0
3,True,0.20129516513578483,0
3,True,0.32424772783275047,1
3,True,0.3061737041746169,1
3,True,0.2871222668767041,0
3,True,0.2704817837700168,0
3,True,0.24526230063159504,1
3,True,0.3263856456016381,1
3,True,0.23144550071482972,1
3,True,0.3155947956024622,0
3,True,0.3937225697404729,0
3,True,0.36427607443221494,0
3,True,0.21474360286646738,0
3,True,0.2631630969828349,1
3,True,0.31107253702776694,0
3,True,0.2864859038992825,0
3,True,0.22002971408587896,1
3,True,0.3092657975736746,1
3,True,0.28949915524418507,0
3,True,0.38571627043018913,1
3,True,0.2773385648691277,0
3,True,0.3484001692663296,0
3,True,0.22664557984350125,0
3,True,0.23859953510517462,1
3,True,0.3260830979904745,1
3,True,0.3441865390303688,0
3,True,0.2421303636962804,0
3,True,0.29120387032419565,0
3,True,0.22092104132354612,0
3,True,0.28093900868472604,1
3,True,0.3318461392812063,0
3,True,0.2682520750431928,1
3,True,0.2775482647028099,0
3,True,0.23351023008519745,0
3,True,0.25758207931875376,0
3,True,0.37790554581071695,1
3,True,0.2936462445858567,0
3,True,0.23988461166747013,0
3,True,0.27426140250410047,0
3,True,0.21012861894167192,1
3,True,0.23929201539298942,1
3,True,0.3580169869523227,1
3,True,0.2828758787806698,0
3,True,0.38453650880506035,1
3,True,0.28523260807519724,0
3,True,0.28820106519042527,0
3,True,0.3220447079271062,0
3,True,0.15637062088902998,0
3,True,0.30024696618267877,1
3,True,0.28755067559695247,1
3,True,0.3643019446757574,0
3,True,0.33823396970818087,0
3,True,0.23331541572266,1
3,True,0.35210693093137907,1
3,True,0.27688427372095026,1
3,True,0.24477733868519777,0
3,True,0.29985516254356015,0
3,True,0.27986153221680915,1
3,True,0.36692326570142625,1
3,True,0.3070311014245605,1
3,True,0.30028294604430034,0
3,True,0.33503235414277205,0
3,True,0.34464358090463565,0
3,True,0.329180254714865,1
3,True,0.3609731736407477,0
3,True,0.32043412064568944,1
3,True,0.2983825732363351,1
3,True,0.3519586031044015,1
3,True,0.2854551929958931,0
3,True,0.2916623258172331,1
3,True,0.37607884586484575,0
3,True,0.3710962063977616,0
3,True,0.2895912096538339,0
3,True,0.2673224211347192,0
3,True,0.363158675010425,1
3,True,0.3300209178957607,1
3,True,0.3057790627098682,0
3,True,0.2739063644905028,1
3,True,0.30658482893572975,0
3,True,0.2889145770056149,0
3,True,0.2567830910213502,1
3,True,0.2964521164293618,0
3,True,0.3032712022819804,0
3,True,0.2712302466539885,0
3,True,0.3351912844304759,0
3,True,0.3544416196155495,1
3,True,0.33849488468277067,0
3,True,0.2761875807393003,0
3,True,0.32779107520941864,0
3,True,0.29389806987300204,1
3,True,0.22821270107170244,0
3,True,0.32363646892488734,1
3,True,0.29730658204784743,0
3,True,0.41967740010346544,0
3,True,0.36286354316392805,0
3,True,0.3255575078467262,0
3,True,0.302458525064409,0
3,True,0.29818611275290097,0
3,True,0.23981552981834464,1
3,True,0.2030506386400045,0
3,True,0.24637204454592176,0
3,True,0.28761414909147853,0
3,True,0.18472303608955082,0
3,True,0.26278391038636256,1
3,True,0.2776193483437787,1
3,True,0.2792286723257271,1
3,True,0.2569138200905928,0
3,True,0.27292430928093003,0
3,True,0.3761946914061931,0
3,True,0.32310726407453016,1
3,True,0.26198496115509257,0
3,True,0.2865826105819019,1
3,True,0.2885843332173867,0
3,True,0.2516022283129925,0
3,True,0.25154348911280733,1
3,True,0.3405262010163357,0
3,True,0.2690107811241592,0
3,True,0.23526518064845647,0
3,True,0.2878429827965279,1
3,True,0.2959004876564562,0
3,True,0.19136478879030827,1
3,True,0.2879626821091404,0
3,True,0.3333989967174131,0
3,True,0.3125614692760917,0
3,True,0.4014897557597486,0
3,True,0.352555474115609,1
3,True,0.36244670123754275,1
3,True,0.4300042967957164,1
3,True,0.32790781308872996,1
3,True,0.29815351039663507,0
3,True,0.33868701467156664,0
3,True,0.26203817833025034,1
3,True,0.2953843159747485,0
3,True,0.25761361784608433,1
3,True,0.3098992278781441,0
3,True,0.25740454559900905,0
3,True,0.25565357500691416,0
3,True,0.31067366465527524,0
3,True,0.2831144279609717,0
3,True,0.19362394321416268,0
3,True,0.21722215393439553,0
3,True,0.23263667542692687,0
3,True,0.2458514046943013,0
3,True,0.31072116647393194,0
3,True,0.3009469423535818,0
3,True,0.34326396858496,1
3,True,0.3276400911470886,0
3,True,0.3435951478091329,0
3,True,0.3204198095729562,0
3,True,0.3004839654545745,0
3,True,0.3449675871143828,0
3,True,0.335970639587005,0
3,True,0.3088047683776996,0
3,True,0.35355359354300714,0
3,True,0.17271058787483018,0
3,True,0.27547684129297756,0
3,True,0.2747104767174135,0
3,True,0.34763414387407854,1
3,True,0.36856974984753854,0
3,True,0.2174910314894869,0
3,True,0.36055835870746383,0
3,True,0.2314277406986866,0
3,True,0.2329392377219589,0
3,True,0.2782857148836318,0
3,True,0.2740896763933708,0
3,True,0.2120791360141562,1
3,True,0.3224938986746284,1
3,True,0.3239701212363301,0
3,True,0.34270207980818357,0
3,True,0.26832723351110677,1
3,True,0.28802086425137763,0
3,True,0.2884786417548679,0
3,True,0.37439977207342323,1
3,True,0.1482877608683391,0
3,True,0.24215278255054487,0
3,True,0.29027704213958994,0
3,True,0.2357214882542249,0
3,True,0.27708398213644414,0
3,True,0.28369622318150456,0
3,True,0.2571156945603766,0
3,True,0.29322344630513364,0
3,True,0.3214074638878907,0
3,True,0.27818667774844996,1
3,True,0.26734026330156324,0
3,True,0.2817117541673064,1
3,True,0.28962818266772056,0
3,True,0.20298402173327895,0
3,True,0.31307769589806395,0
3,True,0.2674499385276603,0
3,True,0.3530767537405526,0
3,True,0.31955267378212376,1
3,True,0.3485033202109828,1
3,True,0.2394498103142546,1
3,True,0.2714306679406287,0
3,True,0.22787707562712958,0
3,True,0.25474043955353376,0
3,True,0.3526052712254296,0
3,True,0.3643745288961248,1
3,True,0.23259333525977705,1
3,True,0.26708611658413584,0
3,True,0.2861902163988026,1
3,True,0.3192802820904891,1
3,True,0.2020094868231754,0
3,True,0.20984999592357811,1
3,True,0.31448130719362016,0
3,True,0.1925480715541038,0
3,True,0.2676601296930565,0
3,True,0.2981045904279421,0
3,True,0.3107832984966559,0
3,True,0.2829140952228084,1
3,True,0.2717121640476235,0
3,True,0.332228542985824,0
3,True,0.30426029631828794,0
3,True,0.25764916890242706,0
3,True,0.29188614483411196,1
3,True,0.30915845113280965,0
3,True,0.3759118620725691,1
3,True,0.329316183414579,1
3,True,0.3507278427976972,0
3,True,0.25946963018501856,0
3,True,0.2637908546872499,0
3,True,0.27823100035935056,1
3,True,0.28282136766809185,0
3,True,0.2395987521098555,0
3,True,0.353296681327841,0
3,True,0.33416758188793966,1
3,True,0.27471610693492465,0
3,True,0.3220855324506927,1
3,True,0.30114495815019193,1
3,True,0.32599139904656876,0
3,True,0.22278464382371854,0
3,True,0.2827169463401283,0
3,True,0.2870980736047103,0
3,True,0.3211821049805826,1
3,True,0.25857811994089336,0
3,True,0.1650034637958802,1
3,True,0.235915014115854,0
3,True,0.2869476007144547,0
3,True,0.2931942112751666,1
3,True,0.37418740613124923,0
3,True,0.319137322032905,0
3,True,0.2940765139615745,0
3,True,0.2883804361609282,0
3,True,0.3452091691084847,1
3,True,0.2604944773921281,0
3,True,0.28298581061297007,1
3,True,0.23553709399308495,0
3,True,0.36094530243476525,0
3,True,0.30962494685008074,0
3,True,0.25462383519980275,1
3,True,0.2842772494840846,0
3,True,0.315482538160314,0
3,True,0.27746405436388627,0
3,True,0.26327646891437,0
3,True,0.2572863157007835,1
3,True,0.3069480949620558,0
3,True,0.27209728603946576,1
3,True,0.2673121132618627,0
3,True,0.22319691224722976,0
3,True,0.2938820288263585,0
3,True,0.2809388280604046,0
3,True,0.2739175825679018,0
3,True,0.299938533874436,0
3,True,0.32740011313679496,0
3,True,0.32507827359702346,0
3,True,0.3176364250449882,0
3,True,0.27796648606821395,1
3,True,0.2616500832029379,0
3,True,0.23780421793387818,0
3,True,0.26034217463309595,0
3,True,0.2909825047568285,0
3,True,0.2506856939173759,0
3,True,0.29480285695587216,1
3,True,0.2417271661044068,0
3,True,0.20695040554964894,0
3,True,0.3309703060432398,0
3,True,0.26627927023170783,1
3,True,0.2481483173388055,0
3,True,0.23530764293512813,1
3,True,0.31115179873652005,0
3,True,0.3587453855733984,0
3,True,0.2698463069496928,0
3,True,0.27922183126687095,0
3,True,0.34358159199445365,0
3,True,0.19947771478208443,0
3,True,0.3883434321456334,1
3,True,0.4122050151163185,1
3,True,0.15468312352899588,0
3,True,0.2851248385541622,1
3,True,0.25405264840652186,0
3,True,0.27676141145476335,0
3,True,0.2690807465192039,0
3,True,0.330587954923968,0
3,True,0.2843715046516005,0
3,True,0.24445463929000222,0
3,True,0.2813907419352438,0
3,True,0.31573921184812054,0
3,True,0.23081393361173594,0
3,True,0.20768831555150102,0
3,True,0.38963714004176603,1
3,True,0.2578786660145782,0
3,True,0.2831323506540239,0
3,True,0.2701102297087214,0
3,True,0.31740438520410713,1
3,True,0.3786394961545522,0
3,True,0.31899669208646425,0
3,True,0.21408174262300048,1
3,True,0.22079382864957353,0
3,True,0.2700517612336542,0
3,True,0.2765883400233367,0
3,True,0.20390243652266998,0
3,True,0.33096704600872207,0
3,True,0.23568397210592612,0
3,True,0.3646650781062878,0
3,True,0.38103162986028605,0
3,True,0.27758732336839115,0
3,True,0.3119486320209093,0
3,True,0.22840263889578996,0
3,True,0.32118381632395576,0
3,True,0.2650903788282815,0
3,True,0.23563823392058236,0
3,True,0.27553325058735084,0
3,True,0.26671259957973187,0
3,True,0.27374202984981233,0
3,True,0.337483995140818,0
3,True,0.25073462036821337,1
3,True,0.37675114998869386,1
3,True,0.22374701835873234,1
3,True,0.3707715136589298,0
3,True,0.23917446890466534,0
3,True,0.2899493383731693,0
3,True,0.26549019432609905,0
3,True,0.2728135664231073,0
3,True,0.3300678618177775,0
3,True,0.36499133986144056,0
3,True,0.34952623524778215,0
3,True,0.26975718338290766,0
3,True,0.2992127611202277,0
3,True,0.25089610631658193,0
3,True,0.2404224843712653,1
3,True,0.2326849547135666,0
3,True,0.2681213346507936,0
3,True,0.30248028155074713,0
3,True,0.1944092420124248,0
3,True,0.28768231487096174,0
3,True,0.3658012562274763,0
3,True,0.3460955534537063,1
3,True,0.26074079617366674,0
3,True,0.22015635453586074,0
3,True,0.3129915153232414,0
3,True,0.174128587489625,1
3,True,0.3455077057941339,1
3,True,0.279320627105838,1
3,True,0.38156501602887005,0
3,True,0.20365172572117674,0
3,True,0.3359073112603917,1
3,True,0.2849745581592901,0
3,True,0.273447473426396,0
3,True,0.2215078267393928,1
3,True,0.31978739533558587,0
3,True,0.32380686923884294,0
3,True,0.37925639009829454,1
3,True,0.34040251314302966,1
3,True,0.2603052335522133,1
3,True,0.2398068708191243,1
3,True,0.22157542832388072,0
3,True,0.36366121728197354,1
3,True,0.25109128578610673,0
3,True,0.3640114934485654,1
3,True,0.3162536020431034,0
3,True,0.3064951440796981,1
3,True,0.27465658437198515,0
3,True,0.32303364565011256,1
3,True,0.2892264618581599,0
3,True,0.2715393354265595,0
3,True,0.32480023933241003,0
3,True,0.2828013945389435,0
3,True,0.25008326106305867,0
3,True,0.3199913387730326,0
3,True,0.28680071721857175,0
3,True,0.3144455005878903,0
3,True,0.2673070070822907,0
3,True,0.22954393476595225,0
3,True,0.3767536981257138,0
3,True,0.36733057053817875,0
3,True,0.3341892480630981,0
3,True,0.27060946573128636,0
3,True,0.2749841013419464,0
3,True,0.3591163722948233,0
3,True,0.2723084981216294,0
3,True,0.2583721981826352,0
3,True,0.3836117337818227,0
3,True,0.2876161159193064,0
3,True,0.3784212664256923,0
3,True,0.22008040446549992,1
3,True,0.3159092441392251,0
3,True,0.3935541299608308,0
3,True,0.29148753723294313,1
3,True,0.2767997753866102,0
3,True,0.23161240412007905,0
3,True,0.3441171527217624,1
3,True,0.25149359586796566,0
3,True,0.2852595720305006,1
3,True,0.22827488601036947,0
3,True,0.36784473000487167,0
3,True,0.3477442655362842,0
3,True,0.2884207625393435,0
3,True,0.23229255322065362,1
3,True,0.36679535246213163,0
3,True,0.27170341364764267,0
3,True,0.2347397579591241,0
3,True,0.20189409937637282,0
3,True,0.25770174340531127,0
3,True,0.21726809387350304,1
3,True,0.2588589581738588,0
3,True,0.3272204366848858,1
3,True,0.27122999180123836,0
3,True,0.3077846691056856,0
3,True,0.25383326702338843,0
3,True,0.2932584533182116,0
3,True,0.3860450411043011,0
3,True,0.27257569609865523,0
3,True,0.309221471880983,1
3,True,0.21172363862657811,1
3,True,0.3660053061208436,1
3,True,0.2661396685527568,1
3,True,0.3425266824953251,1
3,True,0.28384098521205475,0
3,True,0.3205789682510404,0
3,True,0.3235506213605501,1
3,True,0.26737798302436416,1
3,True,0.34459532178809266,1
3,True,0.25205075680034505,1
3,True,0.3288967110013772,0
3,True,0.27048973529167347,1
3,True,0.30747789743160303,1
3,True,0.266900349882287,0
3,True,0.2924987987353298,1
3,True,0.2362653149154117,0
3,True,0.3023778492344397,1
3,True,0.29220939174797933,0
3,True,0.2629923222963764,1
3,True,0.2872486016804852,0
3,True,0.29670022380839556,0
3,True,0.25918214733674444,0
3,True,0.28356207121351656,0
3,True,0.239722402955254,0
3,True,0.4072866519480504,1
3,True,0.3429559330104093,0
3,True,0.30365470528157756,1
3,True,0.3486056463738348,0
3,True,0.19103737616581112,0
3,True,0.16211601310829973,0
3,True,0.2700354469125047,0
3,True,0.22107179281989459,0
3,True,0.2781697237775836,1
3,True,0.300282832029745,1
3,True,0.3360207249170306,0
3,True,0.23308680078623936,1
3,True,0.3099815343080036,1
3,True,0.29071948465761166,0
3,True,0.3073754654966543,0
3,True,0.26401140246232,0
3,True,0.35915675699310606,0
3,True,0.2848245675785137,1
3,True,0.37870911117518846,1
3,True,0.25048056731588886,0
3,True,0.32714136699777774,0
3,True,0.2870165759719736,0
3,True,0.2736128791666618,0
3,True,0.32161576702337735,1
3,True,0.27504132604052056,0
3,True,0.15690173314213363,0
3,True,0.13685659384128465,0
3,True,0.3536211080142025,0
3,True,0.35151292289398484,1
3,True,0.38436704731279736,1
3,True,0.2891235875858912,0
3,True,0.22536825990010545,0
3,True,0.26902080786745,0
3,True,0.29057122576806566,0
3,True,0.23964808878574456,0
3,True,0.3724287361486934,0
3,True,0.40197514398218687,1
3,True,0.31391403503650894,0
3,True,0.2894568126650902,0
3,True,0.22525165107627843,0
3,True,0.36732169480780263,1
3,True,0.29381534054245234,0
3,True,0.27554178007946944,0
3,True,0.3140587044337269,1
3,True,0.26071442355054075,0
3,True,0.297343758656091,1
3,True,0.21787665745771703,0
3,True,0.3443543594626217,1
3,True,0.28477944794321636,1
3,True,0.3479400430317006,0
3,True,0.27994319110791904,0
3,True,0.2831900145608011,0
3,True,0.22938412858540216,0
3,True,0.3279878486509072,1
3,True,0.24620800229884546,0
3,True,0.2656788813400386,1
3,True,0.29005235930412687,0
3,True,0.2960612091844679,0
3,True,0.20469515298911206,0
3,True,0.2784597067255992,0
3,True,0.3297615109321857,1
3,True,0.2710830982738049,0
3,True,0.27876341228933393,0
3,True,0.29812030254213634,0
3,True,0.2837019783726501,1
3,True,0.2384742248806198,1
3,True,0.2881826938166548,0
3,True,0.3397036585002948,0
3,True,0.2374412026366455,0
3,True,0.2712759055257091,0
3,True,0.22091843380324616,1
3,True,0.3370690975245173,0
3,True,0.2853820896581061,0
3,True,0.24749001831970688,0
3,True,0.2946132800071589,0
3,True,0.2298199892552274,1
3,True,0.2383252234269797,0
3,True,0.21699332350741102,0
3,True,0.23666103812213005,0
3,True,0.3578668791999904,1
3,True,0.2533440834358702,1
3,True,0.313311256132574,0
3,True,0.24818492900220396,0
3,True,0.327976687288161,0
3,True,0.23869589995343427,0
3,True,0.2919613963880879,0
3,True,0.29264256549344747,1
3,True,0.4063902668213296,1
3,True,0.3215212643990083,0
3,True,0.2603547992835364,0
3,True,0.32425244818252574,0
3,True,0.39690872352426043,0
3,True,0.20851819547578526,0
3,True,0.2478758978715637,0
3,True,0.27815512204433535,1
3,True,0.2691455886429025,0
3,True,0.2733621650835063,1
3,True,0.22478838672033788,0
3,True,0.3601978026775007,0
3,True,0.21886957007616908,0
3,True,0.2799893595188751,1
3,True,0.34229152958803494,0
3,True,0.2884907571427074,0
3,True,0.2410302916548616,0
3,True,0.22256621718130215,0
3,True,0.2785000401986109,0
3,True,0.2521485217074767,0
3,True,0.3002615545851489,0
3,True,0.21992744261379105,1
3,True,0.3306517868443811,0
3,True,0.29577747615822325,0
3,True,0.2994918197176239,0
3,True,0.3620538389120009,0
3,True,0.26811022508140675,1
3,True,0.25370916526333886,0
3,True,0.26261181858265636,0
3,True,0.28037367152383713,1
3,True,0.2854517552604336,0
3,True,0.24846511316991138,0
3,True,0.1888457373483471,0
3,True,0.26195354995604814,0
3,True,0.30799128331434455,0
3,True,0.2968129153126747,0
